algorithm,key_generation_ms,encapsulation_ms,decapsulation_ms,exchange_ms,public_key_size,private_key_size,ciphertext_size,shared_secret_size,success,iteration
ECDH-P256,0.03699993249028921,0.12900005094707012,0.017915968783199787,0.1469160197302699,91,138,48,32,True,1
ECDH-P256,0.08975004311650991,0.14875002671033144,0.02887495793402195,0.1776249846443534,91,138,48,32,True,2
ECDH-P256,0.04483398515731096,0.13462500646710396,0.021042069420218468,0.15566707588732243,91,138,48,32,True,3
ECDH-P256,0.03866699989885092,0.1340840244665742,0.01958396751433611,0.1536679919809103,91,138,48,32,True,4
ECDH-P256,0.037334044463932514,0.13066700194031,0.019166036508977413,0.14983303844928741,91,138,48,32,True,5
ECDH-P256,0.03866699989885092,0.16299996059387922,0.019291997887194157,0.18229195848107338,91,138,48,32,True,6
ECDH-P256,0.038209022022783756,0.12999994214624166,0.019875005818903446,0.1498749479651451,91,138,48,32,True,7
ECDH-P256,0.03712496254593134,0.12995803263038397,0.018666964024305344,0.1486249966546893,91,138,48,32,True,8
ECDH-P256,0.037334044463932514,0.12904207687824965,0.01837499439716339,0.14741707127541304,91,138,48,32,True,9
ECDH-P256,0.03612495493143797,0.1252500806003809,0.017375103197991848,0.14262518379837275,91,138,48,32,True,10
ECDH-P256,0.03475008998066187,0.12487499043345451,0.01945788972079754,0.14433288015425205,91,138,48,32,True,11
ECDH-P256,0.06366695743054152,0.13229204341769218,0.02320797648280859,0.15550001990050077,91,138,48,32,True,12
ECDH-P256,0.038707978092134,0.12966699432581663,0.020542065612971783,0.15020905993878841,91,138,48,32,True,13
ECDH-P256,0.03616604954004288,0.12579199392348528,0.018167076632380486,0.14395907055586576,91,138,48,32,True,14
ECDH-P256,0.03570900298655033,0.12612505815923214,0.017749960534274578,0.14387501869350672,91,138,48,32,True,15
ECDH-P256,0.03541703335940838,0.12600002810359,0.017541926354169846,0.14354195445775986,91,138,48,32,True,16
ECDH-P256,0.03574998117983341,0.12949993833899498,0.0177919864654541,0.14729192480444908,91,138,48,32,True,17
ECDH-P256,0.03662507515400648,0.12733391486108303,0.01733400858938694,0.14466792345046997,91,138,48,32,True,18
ECDH-P256,0.03529095556586981,0.12933299876749516,0.01816696021705866,0.14749995898455381,91,138,48,32,True,19
ECDH-P256,0.03674998879432678,0.12983300257474184,0.018000020645558834,0.14783302322030067,91,138,48,32,True,20
ECDH-P256,0.03445800393819809,0.1252500806003809,0.0177919864654541,0.143042067065835,91,138,48,32,True,21
ECDH-P256,0.036499928683042526,0.128875020891428,0.01937500201165676,0.14825002290308475,91,138,48,32,True,22
ECDH-P256,0.03754207864403725,0.1301249722018838,0.017666956409811974,0.14779192861169577,91,138,48,32,True,23
ECDH-P256,0.0363748986274004,0.12845895253121853,0.0177919864654541,0.14625093899667263,91,138,48,32,True,24
ECDH-P256,0.0374580267816782,0.1289580250158906,0.017875107005238533,0.14683313202112913,91,138,48,32,True,25
ECDH-P256,0.036375015042722225,0.12558302842080593,0.016583013348281384,0.14216604176908731,91,138,48,32,True,26
ECDH-P256,0.033958000130951405,0.1206250162795186,0.01637497916817665,0.13699999544769526,91,138,48,32,True,27
ECDH-P256,0.033542048186063766,0.12091593816876411,0.016417005099356174,0.1373329432681203,91,138,48,32,True,28
ECDH-P256,0.03370794001966715,0.1251670764759183,0.01733400858938694,0.14250108506530523,91,138,48,32,True,29
ECDH-P256,0.03566697705537081,0.12800004333257675,0.01737498678267002,0.14537503011524677,91,138,48,32,True,30
ECDH-P256,0.035375007428228855,0.12024992611259222,0.016583013348281384,0.1368329394608736,91,138,48,32,True,31
ECDH-P256,0.034541008062660694,0.1230000052601099,0.016542035154998302,0.1395420404151082,91,138,48,32,True,32
ECDH-P256,0.03379094414412975,0.12154201976954937,0.016291975043714046,0.13783399481326342,91,138,48,32,True,33
ECDH-P256,0.03345799632370472,0.12129195965826511,0.016834004782140255,0.13812596444040537,91,138,48,32,True,34
ECDH-P256,0.03350002225488424,0.12404192239046097,0.01720909494906664,0.1412510173395276,91,138,48,32,True,35
ECDH-P256,0.036458950489759445,0.12612505815923214,0.018499908037483692,0.14462496619671583,91,138,48,32,True,36
ECDH-P256,0.037375022657215595,0.14708295930176973,0.028999987989664078,0.1760829472914338,91,138,48,32,True,37
ECDH-P256,0.04249997437000275,0.12462504673749208,0.0190419377759099,0.14366698451340199,91,138,48,32,True,38
ECDH-P256,0.035415985621511936,0.12170802801847458,0.017874990589916706,0.13958301860839128,91,138,48,32,True,39
ECDH-P256,0.03470794763416052,0.17845805268734694,0.020124949514865875,0.1985830022022128,91,138,48,32,True,40
ECDH-P256,0.3678329521790147,0.13762502931058407,0.025791930966079235,0.1634169602766633,91,138,48,32,True,41
ECDH-P256,0.043625012040138245,0.1295830588787794,0.017666956409811974,0.14725001528859138,91,138,48,32,True,42
ECDH-P256,0.03583403304219246,0.12745906133204699,0.018166028894484043,0.14562509022653103,91,138,48,32,True,43
ECDH-P256,0.03774999640882015,0.19929197151213884,0.023333937861025333,0.22262590937316418,91,138,48,32,True,44
ECDH-P256,0.03741693217307329,0.12612505815923214,0.018291990272700787,0.14441704843193293,91,138,48,32,True,45
ECDH-P256,0.03491598181426525,0.12945802882313728,0.01954101026058197,0.14899903908371925,91,138,48,32,True,46
ECDH-P256,0.036291894502937794,0.12866605538874865,0.01662492286413908,0.14529097825288773,91,138,48,32,True,47
ECDH-P256,0.03383297007530928,0.1215840457007289,0.01637497916817665,0.13795902486890554,91,138,48,32,True,48
ECDH-P256,0.03412493970245123,0.1247910549864173,0.01695798709988594,0.14174904208630323,91,138,48,32,True,49
ECDH-P256,0.034334021620452404,0.12112502008676529,0.01679197885096073,0.13791699893772602,91,138,48,32,True,50
ECDH-P256,0.03374996595084667,0.12262503150850534,0.01666706521064043,0.13929209671914577,91,138,48,32,True,51
ECDH-P256,0.03362505231052637,0.12350000906735659,0.016709091141819954,0.14020910020917654,91,138,48,32,True,52
ECDH-P256,0.034125056117773056,0.12320792302489281,0.0177919864654541,0.1409999094903469,91,138,48,32,True,53
ECDH-P256,0.03683299291878939,0.1230419147759676,0.018457998521625996,0.1414999132975936,91,138,48,32,True,54
ECDH-P256,0.03491691313683987,0.16125000547617674,0.019749975763261318,0.18099998123943806,91,138,48,32,True,55
ECDH-P256,0.035792007111012936,0.12316706124693155,0.016249949112534523,0.13941701035946608,91,138,48,32,True,56
ECDH-P256,0.03599992487579584,0.12550002429634333,0.016290927305817604,0.14179095160216093,91,138,48,32,True,57
ECDH-P256,0.03395788371562958,0.1206250162795186,0.016542035154998302,0.1371670514345169,91,138,48,32,True,58
ECDH-P256,0.03487500362098217,0.12129195965826511,0.0160830095410347,0.1373749691992998,91,138,48,32,True,59
ECDH-P256,0.03520806785672903,0.1402080524712801,0.023708096705377102,0.1639161491766572,91,138,48,32,True,60
ECDH-P256,0.036792014725506306,0.1230000052601099,0.017541926354169846,0.14054193161427975,91,138,48,32,True,61
ECDH-P256,0.03445905167609453,0.1205839216709137,0.017083948478102684,0.13766787014901638,91,138,48,32,True,62
ECDH-P256,0.0338749960064888,0.1204170985147357,0.017000013031065464,0.13741711154580116,91,138,48,32,True,63
ECDH-P256,0.0338749960064888,0.1204590080305934,0.01691700890660286,0.13737601693719625,91,138,48,32,True,64
ECDH-P256,0.03337510861456394,0.12158299796283245,0.017042038962244987,0.13862503692507744,91,138,48,32,True,65
ECDH-P256,0.03483297768980265,0.12554193381220102,0.016375095583498478,0.1419170293956995,91,138,48,32,True,66
ECDH-P256,0.03379210829734802,0.12095808051526546,0.01683307345956564,0.1377911539748311,91,138,48,32,True,67
ECDH-P256,0.03395893145352602,0.12133398558944464,0.017000013031065464,0.1383339986205101,91,138,48,32,True,68
ECDH-P256,0.03408396150916815,0.12208404950797558,0.016542035154998302,0.13862608466297388,91,138,48,32,True,69
ECDH-P256,0.03358302637934685,0.12241594959050417,0.016749952919781208,0.13916590251028538,91,138,48,32,True,70
ECDH-P256,0.03391597419977188,0.12049998622387648,0.016459031030535698,0.13695901725441217,91,138,48,32,True,71
ECDH-P256,0.033624935895204544,0.12004096060991287,0.016167061403393745,0.13620802201330662,91,138,48,32,True,72
ECDH-P256,0.03370898775756359,0.12049998622387648,0.016707926988601685,0.13720791321247816,91,138,48,32,True,73
ECDH-P256,0.03333296626806259,0.12112502008676529,0.016625039279460907,0.1377500593662262,91,138,48,32,True,74
ECDH-P256,0.03400002606213093,0.1218749675899744,0.016874982975423336,0.13874995056539774,91,138,48,32,True,75
ECDH-P256,0.034374999813735485,0.12262503150850534,0.016583013348281384,0.13920804485678673,91,138,48,32,True,76
ECDH-P256,0.03441690932959318,0.12104201596230268,0.016583944670856,0.13762596063315868,91,138,48,32,True,77
ECDH-P256,0.03441702574491501,0.12141698971390724,0.016457983292639256,0.1378749730065465,91,138,48,32,True,78
ECDH-P256,0.03404205199331045,0.12125005014240742,0.016958103515207767,0.13820815365761518,91,138,48,32,True,79
ECDH-P256,0.03441702574491501,0.12312503531575203,0.017042038962244987,0.14016707427799702,91,138,48,32,True,80
ECDH-P256,0.03454193938523531,0.12595904991030693,0.01650000922381878,0.1424590591341257,91,138,48,32,True,81
ECDH-P256,0.03487500362098217,0.12029206845909357,0.017459038645029068,0.13775110710412264,91,138,48,32,True,82
ECDH-P256,0.0350830378010869,0.2127080224454403,0.020290957763791084,0.23299898020923138,91,138,48,32,True,83
ECDH-P256,0.03800005652010441,0.12470805086195469,0.018249964341521263,0.14295801520347595,91,138,48,32,True,84
ECDH-P256,0.035667093470692635,0.20866608247160912,0.07033301517367363,0.27899909764528275,91,138,48,32,True,85
ECDH-P256,0.036375015042722225,0.12366706505417824,0.02037500962615013,0.14404207468032837,91,138,48,32,True,86
ECDH-P256,0.03383297007530928,0.12137496378272772,0.017290934920310974,0.1386658987030387,91,138,48,32,True,87
ECDH-P256,0.033833086490631104,0.1212080242112279,0.016832957044243813,0.1380409812554717,91,138,48,32,True,88
ECDH-P256,0.03424996975809336,0.12250000145286322,0.01633400097489357,0.1388340024277568,91,138,48,32,True,89
ECDH-P256,0.03374996595084667,0.12129195965826511,0.01670804340392351,0.13800000306218863,91,138,48,32,True,90
ECDH-P256,0.033541000448167324,0.1217089593410492,0.01808407250791788,0.13979303184896708,91,138,48,32,True,91
ECDH-P256,0.03358407411724329,0.12229196727275848,0.016832957044243813,0.1391249243170023,91,138,48,32,True,92
ECDH-P256,0.036541023291647434,0.12295797932893038,0.01625006552785635,0.13920804485678673,91,138,48,32,True,93
ECDH-P256,0.03591692075133324,0.12162502389401197,0.017291982658207417,0.1389170065522194,91,138,48,32,True,94
ECDH-P256,0.03650004509836435,0.12116692960262299,0.016542035154998302,0.1377089647576213,91,138,48,32,True,95
ECDH-P256,0.03370794001966715,0.12033304665237665,0.016417005099356174,0.13675005175173283,91,138,48,32,True,96
ECDH-P256,0.03370794001966715,0.12049998622387648,0.016459031030535698,0.13695901725441217,91,138,48,32,True,97
ECDH-P256,0.03350002225488424,0.12058403808623552,0.016666948795318604,0.13725098688155413,91,138,48,32,True,98
ECDH-P256,0.033917021937668324,0.12037507258355618,0.016458099707961082,0.13683317229151726,91,138,48,32,True,99
ECDH-P256,0.033334014005959034,0.12058403808623552,0.016291975043714046,0.13687601312994957,91,138,48,32,True,100
ECDH-P256,0.03458408173173666,0.12070895172655582,0.01679197885096073,0.13750093057751656,91,138,48,32,True,101
ECDH-P256,0.03354193177074194,0.12054096441715956,0.016542035154998302,0.13708299957215786,91,138,48,32,True,102
ECDH-P256,0.03329198807477951,0.120542012155056,0.016417005099356174,0.13695901725441217,91,138,48,32,True,103
ECDH-P256,0.03341701813042164,0.11995900422334671,0.016291975043714046,0.13625097926706076,91,138,48,32,True,104
ECDH-P256,0.03341701813042164,0.12058299034833908,0.016542035154998302,0.13712502550333738,91,138,48,32,True,105
ECDH-P256,0.03358302637934685,0.12079090811312199,0.0160830095410347,0.13687391765415668,91,138,48,32,True,106
ECDH-P256,0.03379106055945158,0.1206250162795186,0.01633400097489357,0.13695901725441217,91,138,48,32,True,107
ECDH-P256,0.03333296626806259,0.1206250162795186,0.016874982975423336,0.13749999925494194,91,138,48,32,True,108
ECDH-P256,0.03341701813042164,0.12116704601794481,0.016166013665497303,0.13733305968344212,91,138,48,32,True,109
ECDH-P256,0.03470794763416052,0.12108299415558577,0.016666948795318604,0.13774994295090437,91,138,48,32,True,110
ECDH-P256,0.035667093470692635,0.1230830093845725,0.016125035472214222,0.13920804485678673,91,138,48,32,True,111
ECDH-P256,0.033458927646279335,0.12125005014240742,0.016207923181355,0.13745797332376242,91,138,48,32,True,112
ECDH-P256,0.033125048503279686,0.11975003872066736,0.016458099707961082,0.13620813842862844,91,138,48,32,True,113
ECDH-P256,0.03329198807477951,0.12141605839133263,0.016249949112534523,0.13766600750386715,91,138,48,32,True,114
ECDH-P256,0.03354193177074194,0.12033397797495127,0.01620908733457327,0.13654306530952454,91,138,48,32,True,115
ECDH-P256,0.03366603050380945,0.1206669257953763,0.016083940863609314,0.13675086665898561,91,138,48,32,True,116
ECDH-P256,0.03312493208795786,0.1206250162795186,0.01608405727893114,0.13670907355844975,91,138,48,32,True,117
ECDH-P256,0.033374992199242115,0.11970894411206245,0.016292091459035873,0.13600103557109833,91,138,48,32,True,118
ECDH-P256,0.033084070309996605,0.11970801278948784,0.01608289312571287,0.1357909059152007,91,138,48,32,True,119
ECDH-P256,0.033125048503279686,0.11999998241662979,0.016041100025177002,0.1360410824418068,91,138,48,32,True,120
ECDH-P256,0.03370794001966715,0.12037495616823435,0.016291975043714046,0.1366669312119484,91,138,48,32,True,121
ECDH-P256,0.03333296626806259,0.11970801278948784,0.01616694498807192,0.13587495777755976,91,138,48,32,True,122
ECDH-P256,0.033499905839562416,0.12108299415558577,0.016874982975423336,0.1379579771310091,91,138,48,32,True,123
ECDH-P256,0.036084093153476715,0.12429198250174522,0.01679093111306429,0.1410829136148095,91,138,48,32,True,124
ECDH-P256,0.034708064049482346,0.1213329378515482,0.01637497916817665,0.13770791701972485,91,138,48,32,True,125
ECDH-P256,0.03341701813042164,0.11987495236098766,0.016166013665497303,0.13604096602648497,91,138,48,32,True,126
ECDH-P256,0.03308395389467478,0.11966691818088293,0.016457983292639256,0.1361249014735222,91,138,48,32,True,127
ECDH-P256,0.033125048503279686,0.12004200834780931,0.016124919056892395,0.1361669274047017,91,138,48,32,True,128
ECDH-P256,0.03354193177074194,0.12016692198812962,0.01625006552785635,0.13641698751598597,91,138,48,32,True,129
ECDH-P256,0.034499913454055786,0.12033304665237665,0.016874982975423336,0.1372080296278,91,138,48,32,True,130
ECDH-P256,0.03341701813042164,0.12087495997548103,0.016708974726498127,0.13758393470197916,91,138,48,32,True,131
ECDH-P256,0.03441702574491501,0.1206669257953763,0.016208039596676826,0.13687496539205313,91,138,48,32,True,132
ECDH-P256,0.03345904406160116,0.12250000145286322,0.01695798709988594,0.13945798855274916,91,138,48,32,True,133
ECDH-P256,0.03475008998066187,0.1299170544371009,0.016915961168706417,0.1468330156058073,91,138,48,32,True,134
ECDH-P256,0.033542048186063766,0.144458026625216,0.02095801755785942,0.16541604418307543,91,138,48,32,True,135
ECDH-P256,0.03704102709889412,0.14237500727176666,0.01954101026058197,0.16191601753234863,91,138,48,32,True,136
ECDH-P256,0.03712496254593134,0.1278748968616128,0.02166710328310728,0.14954200014472008,91,138,48,32,True,137
ECDH-P256,0.03645906690508127,0.12666697148233652,0.017457990907132626,0.14412496238946915,91,138,48,32,True,138
ECDH-P256,0.03362505231052637,0.12104108463972807,0.017167069017887115,0.13820815365761518,91,138,48,32,True,139
ECDH-P256,0.03574998117983341,0.12191594578325748,0.016874982975423336,0.13879092875868082,91,138,48,32,True,140
ECDH-P256,0.03458303399384022,0.13395794667303562,0.01708406489342451,0.15104201156646013,91,138,48,32,True,141
ECDH-P256,0.033624935895204544,0.12041698209941387,0.01625006552785635,0.13666704762727022,91,138,48,32,True,142
ECDH-P256,0.03366603050380945,0.12054189573973417,0.01645891461521387,0.13700081035494804,91,138,48,32,True,143
ECDH-P256,0.03350002225488424,0.12004200834780931,0.01637497916817665,0.13641698751598597,91,138,48,32,True,144
ECDH-P256,0.03320805262774229,0.12049998622387648,0.016291975043714046,0.13679196126759052,91,138,48,32,True,145
ECDH-P256,0.035375007428228855,0.164708006195724,0.01950003206729889,0.1842080382630229,91,138,48,32,True,146
ECDH-P256,0.03550003748387098,0.1204590080305934,0.016625039279460907,0.1370840473100543,91,138,48,32,True,147
ECDH-P256,0.03324996214359999,0.13025000225752592,0.016625039279460907,0.14687504153698683,91,138,48,32,True,148
ECDH-P256,0.03362505231052637,0.12004189193248749,0.016292091459035873,0.13633398339152336,91,138,48,32,True,149
ECDH-P256,0.11329201515763998,0.1527499407529831,0.05591695662587881,0.2086668973788619,91,138,48,32,True,150
ECDH-P256,0.037207966670393944,0.12191606219857931,0.020292005501687527,0.14220806770026684,91,138,48,32,True,151
ECDH-P256,0.033291056752204895,0.12012501247227192,0.01641607377678156,0.13654108624905348,91,138,48,32,True,152
ECDH-P256,0.03374996595084667,0.16412499826401472,0.017417012713849545,0.18154201097786427,91,138,48,32,True,153
ECDH-P256,0.03470794763416052,0.12250000145286322,0.016749952919781208,0.13924995437264442,91,138,48,32,True,154
ECDH-P256,0.03412493970245123,0.12279197108000517,0.016832957044243813,0.13962492812424898,91,138,48,32,True,155
ECDH-P256,0.03433297388255596,0.12274994514882565,0.01666706521064043,0.13941701035946608,91,138,48,32,True,156
ECDH-P256,0.03324996214359999,0.1218330580741167,0.016583013348281384,0.1384160714223981,91,138,48,32,True,157
ECDH-P256,0.03404100425541401,0.12204202357679605,0.016625039279460907,0.13866706285625696,91,138,48,32,True,158
ECDH-P256,0.034208991564810276,0.12204190716147423,0.016666017472743988,0.13870792463421822,91,138,48,32,True,159
ECDH-P256,0.033791991882026196,0.12208404950797558,0.01679197885096073,0.1388760283589363,91,138,48,32,True,160
ECDH-P256,0.033958000130951405,0.12470793444663286,0.01679197885096073,0.1414999132975936,91,138,48,32,True,161
ECDH-P256,0.034041935577988625,0.16366702038794756,0.04704098682850599,0.21070800721645355,91,138,48,32,True,162
ECDH-P256,0.05666597280651331,0.13666599988937378,0.020249979570508003,0.15691597945988178,91,138,48,32,True,163
ECDH-P256,0.03708398435264826,0.13229192700237036,0.018874998204410076,0.15116692520678043,91,138,48,32,True,164
ECDH-P256,0.03683299291878939,0.1272499794140458,0.018249964341521263,0.14549994375556707,91,138,48,32,True,165
ECDH-P256,0.035792007111012936,0.12958294246345758,0.018249964341521263,0.14783290680497885,91,138,48,32,True,166
ECDH-P256,0.03779097460210323,0.13158295769244432,0.04845799412578344,0.18004095181822777,91,138,48,32,True,167
ECDH-P256,0.03687501884996891,0.12395903468132019,0.01879199407994747,0.14275102876126766,91,138,48,32,True,168
ECDH-P256,0.03429199568927288,0.12379104737192392,0.01695798709988594,0.14074903447180986,91,138,48,32,True,169
ECDH-P256,0.07441698107868433,0.2683750353753567,0.031499890610575676,0.29987492598593235,91,138,48,32,True,170
ECDH-P256,0.044665997847914696,0.13070798013359308,0.019417027942836285,0.15012500807642937,91,138,48,32,True,171
ECDH-P256,0.03708305303007364,0.1648329198360443,0.030249939300119877,0.1950828591361642,91,138,48,32,True,172
ECDH-P256,0.052625080570578575,0.13325002510100603,0.0212501036003232,0.15450012870132923,91,138,48,32,True,173
ECDH-P256,0.05450006574392319,0.13316597323864698,0.034499913454055786,0.16766588669270277,91,138,48,32,True,174
ECDH-P256,0.038375030271708965,0.12516696006059647,0.020083971321582794,0.14525093138217926,91,138,48,32,True,175
ECDH-P256,0.038499943912029266,0.12733391486108303,0.017875107005238533,0.14520902186632156,91,138,48,32,True,176
ECDH-P256,0.03591610584408045,0.12700003571808338,0.017874990589916706,0.1448750263080001,91,138,48,32,True,177
ECDH-P256,0.03595894668251276,0.1243329606950283,0.016834004782140255,0.14116696547716856,91,138,48,32,True,178
ECDH-P256,0.034374999813735485,0.12454099487513304,0.018416903913021088,0.14295789878815413,91,138,48,32,True,179
ECDH-P256,0.036375015042722225,0.12562505435198545,0.01720793079584837,0.14283298514783382,91,138,48,32,True,180
ECDH-P256,0.0350000336766243,0.12858305126428604,0.017249956727027893,0.14583300799131393,91,138,48,32,True,181
ECDH-P256,0.03591598942875862,0.18512492533773184,0.02245791256427765,0.2075828379020095,91,138,48,32,True,182
ECDH-P256,0.04212500061839819,0.2550410572439432,0.022625084966421127,0.27766614221036434,91,138,48,32,True,183
ECDH-P256,0.042750034481287,0.128875020891428,0.017292099073529243,0.14616711996495724,91,138,48,32,True,184
ECDH-P256,0.03516697324812412,0.1461249776184559,0.02037500962615013,0.16649998724460602,91,138,48,32,True,185
ECDH-P256,0.036458950489759445,0.12254202738404274,0.01750001683831215,0.1400420442223549,91,138,48,32,True,186
ECDH-P256,0.03450002986937761,0.1230830093845725,0.016832957044243813,0.13991596642881632,91,138,48,32,True,187
ECDH-P256,0.034624943509697914,0.12400001287460327,0.01691700890660286,0.14091702178120613,91,138,48,32,True,188
ECDH-P256,0.03450002986937761,0.12195901945233345,0.01679197885096073,0.13875099830329418,91,138,48,32,True,189
ECDH-P256,0.03558304160833359,0.12858293484896421,0.016749952919781208,0.14533288776874542,91,138,48,32,True,190
ECDH-P256,0.033917021937668324,0.12045796029269695,0.016415957361459732,0.13687391765415668,91,138,48,32,True,191
ECDH-P256,0.03345799632370472,0.12041593436151743,0.016333069652318954,0.13674900401383638,91,138,48,32,True,192
ECDH-P256,0.03341608680784702,0.12066704221069813,0.016417005099356174,0.1370840473100543,91,138,48,32,True,193
ECDH-P256,0.034207943826913834,0.12037495616823435,0.016457983292639256,0.1368329394608736,91,138,48,32,True,194
ECDH-P256,0.03341701813042164,0.12012501247227192,0.01637497916817665,0.13649999164044857,91,138,48,32,True,195
ECDH-P256,0.033541000448167324,0.11999998241662979,0.01637497916817665,0.13637496158480644,91,138,48,32,True,196
ECDH-P256,0.03379106055945158,0.12091698590666056,0.018666964024305344,0.1395839499309659,91,138,48,32,True,197
ECDH-P256,0.035958015359938145,0.16070809215307236,0.018583028577268124,0.17929112073034048,91,138,48,32,True,198
ECDH-P256,0.03999995533376932,0.12670806609094143,0.018833903595805168,0.1455419696867466,91,138,48,32,True,199
ECDH-P256,0.035458942875266075,0.12016703840345144,0.01933402381837368,0.13950106222182512,91,138,48,32,True,200
ECDH-P256,0.03466603811830282,0.12129195965826511,0.016750069335103035,0.13804202899336815,91,138,48,32,True,201
ECDH-P256,0.03445800393819809,0.12037495616823435,0.016708974726498127,0.13708393089473248,91,138,48,32,True,202
ECDH-P256,0.03333296626806259,0.13112497981637716,0.017040991224348545,0.1481659710407257,91,138,48,32,True,203
ECDH-P256,0.03804103471338749,0.1200829865410924,0.016417005099356174,0.13649999164044857,91,138,48,32,True,204
ECDH-P256,0.033374992199242115,0.11983304284512997,0.016583013348281384,0.13641605619341135,91,138,48,32,True,205
ECDH-P256,0.03320805262774229,0.11975003872066736,0.016042031347751617,0.13579207006841898,91,138,48,32,True,206
ECDH-P256,0.03350002225488424,0.11983304284512997,0.0160830095410347,0.13591605238616467,91,138,48,32,True,207
ECDH-P256,0.03316602669656277,0.1194169744849205,0.016125035472214222,0.13554200995713472,91,138,48,32,True,208
ECDH-P256,0.033291056752204895,0.11983292642980814,0.01616694498807192,0.13599987141788006,91,138,48,32,True,209
ECDH-P256,0.03412493970245123,0.1241250429302454,0.017874990589916706,0.1420000335201621,91,138,48,32,True,210
ECDH-P256,0.03379094414412975,0.11983292642980814,0.0160830095410347,0.13591593597084284,91,138,48,32,True,211
ECDH-P256,0.03316695801913738,0.11995900422334671,0.015958910807967186,0.1359179150313139,91,138,48,32,True,212
ECDH-P256,0.03316591028124094,0.11962500866502523,0.016000005416572094,0.13562501408159733,91,138,48,32,True,213
ECDH-P256,0.03316602669656277,0.11991697829216719,0.01595797948539257,0.13587495777755976,91,138,48,32,True,214
ECDH-P256,0.03320910036563873,0.12000009883195162,0.01591700129210949,0.1359171001240611,91,138,48,32,True,215
ECDH-P256,0.03324996214359999,0.11975003872066736,0.01716695260256529,0.13691699132323265,91,138,48,32,True,216
ECDH-P256,0.033207936212420464,0.11979206465184689,0.015959027223289013,0.1357510918751359,91,138,48,32,True,217
ECDH-P256,0.03308302257210016,0.11958309914916754,0.01595797948539257,0.1355410786345601,91,138,48,32,True,218
ECDH-P256,0.033125048503279686,0.11995900422334671,0.016000005416572094,0.1359590096399188,91,138,48,32,True,219
ECDH-P256,0.033374992199242115,0.11945900041610003,0.01583306584507227,0.1352920662611723,91,138,48,32,True,220
ECDH-P256,0.03333296626806259,0.12049998622387648,0.016124919056892395,0.13662490528076887,91,138,48,32,True,221
ECDH-P256,0.033374992199242115,0.11970789637416601,0.015916069969534874,0.13562396634370089,91,138,48,32,True,222
ECDH-P256,0.033208983950316906,0.11954200454056263,0.015958095900714397,0.13550010044127703,91,138,48,32,True,223
ECDH-P256,0.033499905839562416,0.11954200454056263,0.01608405727893114,0.13562606181949377,91,138,48,32,True,224
ECDH-P256,0.03316695801913738,0.11945795267820358,0.015874975360929966,0.13533292803913355,91,138,48,32,True,225
ECDH-P256,0.033125048503279686,0.12245902325958014,0.01591700129210949,0.13837602455168962,91,138,48,32,True,226
ECDH-P256,0.033125048503279686,0.1194169744849205,0.016042031347751617,0.13545900583267212,91,138,48,32,True,227
ECDH-P256,0.03304099664092064,0.1193750649690628,0.01591700129210949,0.1352920662611723,91,138,48,32,True,228
ECDH-P256,0.03308302257210016,0.11970906052738428,0.01604191493242979,0.13575097545981407,91,138,48,32,True,229
ECDH-P256,0.03329094033688307,0.11975003872066736,0.015874975360929966,0.13562501408159733,91,138,48,32,True,230
ECDH-P256,0.03312493208795786,0.11962500866502523,0.016208039596676826,0.13583304826170206,91,138,48,32,True,231
ECDH-P256,0.033374992199242115,0.12016692198812962,0.01750001683831215,0.13766693882644176,91,138,48,32,True,232
ECDH-P256,0.035624951124191284,0.1243329606950283,0.016625039279460907,0.1409579999744892,91,138,48,32,True,233
ECDH-P256,0.03695790655910969,0.18595799338072538,0.0661659287288785,0.2521239221096039,91,138,48,32,True,234
ECDH-P256,0.06295903585851192,0.13466703239828348,0.019834027625620365,0.15450106002390385,91,138,48,32,True,235
ECDH-P256,0.036125071346759796,0.12541702017188072,0.018000020645558834,0.14341704081743956,91,138,48,32,True,236
ECDH-P256,0.03562506753951311,0.13291602954268456,0.018457998521625996,0.15137402806431055,91,138,48,32,True,237
ECDH-P256,0.03929203376173973,0.12749992311000824,0.017249956727027893,0.14474987983703613,91,138,48,32,True,238
ECDH-P256,0.036958022974431515,0.12395798694342375,0.018582912161946297,0.14254089910537004,91,138,48,32,True,239
ECDH-P256,0.06562494672834873,0.14408398419618607,0.027582980692386627,0.1716669648885727,91,138,48,32,True,240
ECDH-P256,0.03970798570662737,0.125208985991776,0.019542057998478413,0.1447510439902544,91,138,48,32,True,241
ECDH-P256,0.03587501123547554,0.12704194523394108,0.018040998838841915,0.145082944072783,91,138,48,32,True,242
ECDH-P256,0.03479095175862312,0.12391596101224422,0.017666956409811974,0.1415829174220562,91,138,48,32,True,243
ECDH-P256,0.034499913454055786,0.12383295688778162,0.01725007314234972,0.14108303003013134,91,138,48,32,True,244
ECDH-P256,0.034374999813735485,0.12350000906735659,0.017000013031065464,0.14050002209842205,91,138,48,32,True,245
ECDH-P256,0.03429199568927288,0.12133305426687002,0.01683307345956564,0.13816612772643566,91,138,48,32,True,246
ECDH-P256,0.034208991564810276,0.12099999003112316,0.01995800994336605,0.1409579999744892,91,138,48,32,True,247
ECDH-P256,0.034250086173415184,0.1205839216709137,0.016208039596676826,0.13679196126759052,91,138,48,32,True,248
ECDH-P256,0.03370898775756359,0.12112502008676529,0.01808302477002144,0.13920804485678673,91,138,48,32,True,249
ECDH-P256,0.03566604573279619,0.15004200395196676,0.03045797348022461,0.18049997743219137,91,138,48,32,True,250
ECDH-P256,0.04558393266052008,0.13958301860839128,0.021124957129359245,0.16070797573775053,91,138,48,32,True,251
ECDH-P256,0.04054093733429909,0.15445798635482788,0.019208062440156937,0.17366604879498482,91,138,48,32,True,252
ECDH-P256,0.03929203376173973,0.12400001287460327,0.017791055142879486,0.14179106801748276,91,138,48,32,True,253
ECDH-P256,0.03524997737258673,0.12400001287460327,0.017208047211170197,0.14120806008577347,91,138,48,32,True,254
ECDH-P256,0.03574998117983341,0.12620806228369474,0.01708301715552807,0.1432910794392228,91,138,48,32,True,255
ECDH-P256,0.03587501123547554,0.12699991930276155,0.01750001683831215,0.1444999361410737,91,138,48,32,True,256
ECDH-P256,0.0374580267816782,0.14820799697190523,0.022707972675561905,0.17091596964746714,91,138,48,32,True,257
ECDH-P256,0.03583298530429602,0.12104096822440624,0.01679197885096073,0.13783294707536697,91,138,48,32,True,258
ECDH-P256,0.033542048186063766,0.12029206845909357,0.01683307345956564,0.1371251419186592,91,138,48,32,True,259
ECDH-P256,0.033665914088487625,0.11999998241662979,0.01654098741710186,0.13654096983373165,91,138,48,32,True,260
ECDH-P256,0.03333296626806259,0.12062489986419678,0.016333069652318954,0.13695796951651573,91,138,48,32,True,261
ECDH-P256,0.033374992199242115,0.11966703459620476,0.01604191493242979,0.13570894952863455,91,138,48,32,True,262
ECDH-P256,0.033624935895204544,0.12004189193248749,0.016583013348281384,0.13662490528076887,91,138,48,32,True,263
ECDH-P256,0.033250078558921814,0.12004200834780931,0.017582904547452927,0.13762491289526224,91,138,48,32,True,264
ECDH-P256,0.033374992199242115,0.11987506877630949,0.0160830095410347,0.1359580783173442,91,138,48,32,True,265
ECDH-P256,0.03329198807477951,0.11966703459620476,0.016040983609855175,0.13570801820605993,91,138,48,32,True,266
ECDH-P256,0.03304204437881708,0.11970906052738428,0.016000005416572094,0.13570906594395638,91,138,48,32,True,267
ECDH-P256,0.03324996214359999,0.11975003872066736,0.016042031347751617,0.13579207006841898,91,138,48,32,True,268
ECDH-P256,0.03308302257210016,0.11958298273384571,0.016040983609855175,0.13562396634370089,91,138,48,32,True,269
ECDH-P256,0.03316591028124094,0.11958298273384571,0.0160830095410347,0.1356659922748804,91,138,48,32,True,270
ECDH-P256,0.03316695801913738,0.11966610327363014,0.016291975043714046,0.1359580783173442,91,138,48,32,True,271
ECDH-P256,0.033250078558921814,0.11966691818088293,0.01591700129210949,0.13558391947299242,91,138,48,32,True,272
ECDH-P256,0.033125048503279686,0.1194999786093831,0.015832949429750443,0.13533292803913355,91,138,48,32,True,273
ECDH-P256,0.03316602669656277,0.12195808812975883,0.01591700129210949,0.13787508942186832,91,138,48,32,True,274
ECDH-P256,0.033125048503279686,0.11970894411206245,0.016000005416572094,0.13570894952863455,91,138,48,32,True,275
ECDH-P256,0.03316695801913738,0.11970801278948784,0.016125035472214222,0.13583304826170206,91,138,48,32,True,276
ECDH-P256,0.03333296626806259,0.1194999786093831,0.016040983609855175,0.13554096221923828,91,138,48,32,True,277
ECDH-P256,0.03287498839199543,0.1194999786093831,0.015832949429750443,0.13533292803913355,91,138,48,32,True,278
ECDH-P256,0.03308302257210016,0.11945806909352541,0.015958095900714397,0.1354161649942398,91,138,48,32,True,279
ECDH-P256,0.03300001844763756,0.11958309914916754,0.015958095900714397,0.13554119504988194,91,138,48,32,True,280
ECDH-P256,0.033125048503279686,0.12391700875014067,0.016040983609855175,0.13995799235999584,91,138,48,32,True,281
ECDH-P256,0.03300001844763756,0.11958298273384571,0.01595797948539257,0.13554096221923828,91,138,48,32,True,282
ECDH-P256,0.033084070309996605,0.11970894411206245,0.015959027223289013,0.13566797133535147,91,138,48,32,True,283
ECDH-P256,0.03324996214359999,0.11958403047174215,0.015833997167646885,0.13541802763938904,91,138,48,32,True,284
ECDH-P256,0.03333389759063721,0.16441696789115667,0.04108401481062174,0.2055009827017784,91,138,48,32,True,285
ECDH-P256,0.04983402322977781,0.12233399320393801,0.019291997887194157,0.14162599109113216,91,138,48,32,True,286
ECDH-P256,0.03499991726130247,0.12166693340986967,0.01750001683831215,0.13916695024818182,91,138,48,32,True,287
ECDH-P256,0.0339169055223465,0.11987495236098766,0.016874982975423336,0.136749935336411,91,138,48,32,True,288
ECDH-P256,0.03350002225488424,0.12233399320393801,0.0176670728251338,0.1400010660290718,91,138,48,32,True,289
ECDH-P256,0.040375045500695705,0.11987495236098766,0.016459031030535698,0.13633398339152336,91,138,48,32,True,290
ECDH-P256,0.033207936212420464,0.12720806989818811,0.01762493047863245,0.14483300037682056,91,138,48,32,True,291
ECDH-P256,0.06574997678399086,0.1260419376194477,0.02037500962615013,0.14641694724559784,91,138,48,32,True,292
ECDH-P256,0.033374992199242115,0.12099999003112316,0.018000020645558834,0.139000010676682,91,138,48,32,True,293
ECDH-P256,0.03324996214359999,0.11991697829216719,0.016249949112534523,0.1361669274047017,91,138,48,32,True,294
ECDH-P256,0.03341608680784702,0.12037507258355618,0.016290927305817604,0.13666599988937378,91,138,48,32,True,295
ECDH-P256,0.03324996214359999,0.11995795648545027,0.016583013348281384,0.13654096983373165,91,138,48,32,True,296
ECDH-P256,0.03354193177074194,0.11979206465184689,0.016249949112534523,0.1360420137643814,91,138,48,32,True,297
ECDH-P256,0.03324996214359999,0.11995795648545027,0.016457983292639256,0.13641593977808952,91,138,48,32,True,298
ECDH-P256,0.033415970392525196,0.12000009883195162,0.016333069652318954,0.13633316848427057,91,138,48,32,True,299
ECDH-P256,0.033207936212420464,0.11954200454056263,0.01691700890660286,0.1364590134471655,91,138,48,32,True,300
ECDH-P256,0.03433309029787779,0.11999998241662979,0.016290927305817604,0.1362909097224474,91,138,48,32,True,301
ECDH-P256,0.03320805262774229,0.12012489605695009,0.016249949112534523,0.13637484516948462,91,138,48,32,True,302
ECDH-P256,0.03316695801913738,0.12016703840345144,0.016208970919251442,0.13637600932270288,91,138,48,32,True,303
ECDH-P256,0.03320805262774229,0.11979194823652506,0.016042031347751617,0.13583397958427668,91,138,48,32,True,304
ECDH-P256,0.03316707443445921,0.11970801278948784,0.016208970919251442,0.13591698370873928,91,138,48,32,True,305
ECDH-P256,0.033208983950316906,0.11999998241662979,0.0160830095410347,0.1360829919576645,91,138,48,32,True,306
ECDH-P256,0.03329198807477951,0.11975003872066736,0.01633400097489357,0.13608403969556093,91,138,48,32,True,307
ECDH-P256,0.03312493208795786,0.12079195585101843,0.016000005416572094,0.13679196126759052,91,138,48,32,True,308
ECDH-P256,0.03316695801913738,0.11983304284512997,0.016459031030535698,0.13629207387566566,91,138,48,32,True,309
ECDH-P256,0.033958000130951405,0.11991709470748901,0.016750069335103035,0.13666716404259205,91,138,48,32,True,310
ECDH-P256,0.03324996214359999,0.11991604696959257,0.016042031347751617,0.1359580783173442,91,138,48,32,True,311
ECDH-P256,0.03316602669656277,0.11979206465184689,0.01608405727893114,0.13587612193077803,91,138,48,32,True,312
ECDH-P256,0.03333296626806259,0.11966598685830832,0.016417005099356174,0.1360829919576645,91,138,48,32,True,313
ECDH-P256,0.03329198807477951,0.11975003872066736,0.0160830095410347,0.13583304826170206,91,138,48,32,True,314
ECDH-P256,0.03300001844763756,0.11979206465184689,0.01754099503159523,0.13733305968344212,91,138,48,32,True,315
ECDH-P256,0.03308395389467478,0.11945900041610003,0.015958910807967186,0.1354179112240672,91,138,48,32,True,316
ECDH-P256,0.03308302257210016,0.11991697829216719,0.016457983292639256,0.13637496158480644,91,138,48,32,True,317
ECDH-P256,0.03341701813042164,0.11999998241662979,0.016207923181355,0.1362079055979848,91,138,48,32,True,318
ECDH-P256,0.03333296626806259,0.11995795648545027,0.017417012713849545,0.1373749691992998,91,138,48,32,True,319
ECDH-P256,0.03362505231052637,0.12158392928540707,0.016292091459035873,0.13787602074444294,91,138,48,32,True,320
ECDH-P256,0.033207936212420464,0.11979101691395044,0.017834012396633625,0.13762502931058407,91,138,48,32,True,321
ECDH-P256,0.034499913454055786,0.1241250429302454,0.01733400858938694,0.14145905151963234,91,138,48,32,True,322
ECDH-P256,0.033374992199242115,0.11983304284512997,0.017125043086707592,0.13695808593183756,91,138,48,32,True,323
ECDH-P256,0.03300001844763756,0.11937494855374098,0.01591700129210949,0.13529194984585047,91,138,48,32,True,324
ECDH-P256,0.03308395389467478,0.12250000145286322,0.01579197123646736,0.13829197268933058,91,138,48,32,True,325
ECDH-P256,0.03287498839199543,0.11979194823652506,0.016040983609855175,0.13583293184638023,91,138,48,32,True,326
ECDH-P256,0.033041927963495255,0.11966691818088293,0.01625006552785635,0.13591698370873928,91,138,48,32,True,327
ECDH-P256,0.03316707443445921,0.1194999786093831,0.016000005416572094,0.1354999840259552,91,138,48,32,True,328
ECDH-P256,0.03358407411724329,0.1194999786093831,0.016124919056892395,0.1356248976662755,91,138,48,32,True,329
ECDH-P256,0.03316602669656277,0.11937494855374098,0.01591700129210949,0.13529194984585047,91,138,48,32,True,330
ECDH-P256,0.03299990203231573,0.11941604316234589,0.01579197123646736,0.13520801439881325,91,138,48,32,True,331
ECDH-P256,0.03312493208795786,0.11941604316234589,0.017124926671385765,0.13654096983373165,91,138,48,32,True,332
ECDH-P256,0.033207936212420464,0.12329197488725185,0.017625046893954277,0.14091702178120613,91,138,48,32,True,333
ECDH-P256,0.03445800393819809,0.12020801659673452,0.016000005416572094,0.13620802201330662,91,138,48,32,True,334
ECDH-P256,0.03300001844763756,0.11933303903788328,0.016042031347751617,0.1353750703856349,91,138,48,32,True,335
ECDH-P256,0.03320805262774229,0.11937494855374098,0.015833997167646885,0.13520894572138786,91,138,48,32,True,336
ECDH-P256,0.03304099664092064,0.11937494855374098,0.015916069969534874,0.13529101852327585,91,138,48,32,True,337
ECDH-P256,0.03300001844763756,0.28516596648842096,0.05820905789732933,0.3433750243857503,91,138,48,32,True,338
ECDH-P256,0.0403339508920908,0.12566696386784315,0.01716695260256529,0.14283391647040844,91,138,48,32,True,339
ECDH-P256,0.03383297007530928,0.11970894411206245,0.016583944670856,0.13629288878291845,91,138,48,32,True,340
ECDH-P256,0.03333296626806259,0.12012501247227192,0.016459031030535698,0.13658404350280762,91,138,48,32,True,341
ECDH-P256,0.03400002606213093,0.12341700494289398,0.016834004782140255,0.14025100972503424,91,138,48,32,True,342
ECDH-P256,0.03333296626806259,0.11979194823652506,0.016749952919781208,0.13654190115630627,91,138,48,32,True,343
ECDH-P256,0.033541000448167324,0.12233294546604156,0.018208054825663567,0.14054100029170513,91,138,48,32,True,344
ECDH-P256,0.03383401781320572,0.11975003872066736,0.016666017472743988,0.13641605619341135,91,138,48,32,True,345
ECDH-P256,0.03316707443445921,0.11962500866502523,0.01650000922381878,0.136125017888844,91,138,48,32,True,346
ECDH-P256,0.033208983950316906,0.11979194823652506,0.01625006552785635,0.1360420137643814,91,138,48,32,True,347
ECDH-P256,0.03454205580055714,0.12225005775690079,0.0177919864654541,0.1400420442223549,91,138,48,32,True,348
ECDH-P256,0.03316695801913738,0.11966598685830832,0.016000005416572094,0.1356659922748804,91,138,48,32,True,349
ECDH-P256,0.03304204437881708,0.11979206465184689,0.016249949112534523,0.1360420137643814,91,138,48,32,True,350
ECDH-P256,0.03350002225488424,0.11954200454056263,0.018666032701730728,0.13820803724229336,91,138,48,32,True,351
ECDH-P256,0.03320910036563873,0.11962500866502523,0.01625006552785635,0.13587507419288158,91,138,48,32,True,352
ECDH-P256,0.03312493208795786,0.12250000145286322,0.016000005416572094,0.1385000068694353,91,138,48,32,True,353
ECDH-P256,0.0339999096468091,0.11983397416770458,0.016417005099356174,0.13625097926706076,91,138,48,32,True,354
ECDH-P256,0.033374992199242115,0.1240420388057828,0.01633400097489357,0.14037603978067636,91,138,48,32,True,355
ECDH-P256,0.03604206722229719,0.11975003872066736,0.01608289312571287,0.13583293184638023,91,138,48,32,True,356
ECDH-P256,0.033084070309996605,0.11966691818088293,0.01625006552785635,0.13591698370873928,91,138,48,32,True,357
ECDH-P256,0.033208983950316906,0.11962500866502523,0.016083940863609314,0.13570894952863455,91,138,48,32,True,358
ECDH-P256,0.03304204437881708,0.11937494855374098,0.016000005416572094,0.13537495397031307,91,138,48,32,True,359
ECDH-P256,0.03312493208795786,0.11945900041610003,0.015959027223289013,0.13541802763938904,91,138,48,32,True,360
ECDH-P256,0.033125048503279686,0.11966691818088293,0.016291975043714046,0.13595889322459698,91,138,48,32,True,361
ECDH-P256,0.033041927963495255,0.11995795648545027,0.016666017472743988,0.13662397395819426,91,138,48,32,True,362
ECDH-P256,0.03450002986937761,0.12012501247227192,0.01737498678267002,0.13749999925494194,91,138,48,32,True,363
ECDH-P256,0.03324996214359999,0.12229196727275848,0.01620908733457327,0.13850105460733175,91,138,48,32,True,364
ECDH-P256,0.03337510861456394,0.11958391405642033,0.01604191493242979,0.13562582898885012,91,138,48,32,True,365
ECDH-P256,0.03304099664092064,0.1193750649690628,0.01591700129210949,0.1352920662611723,91,138,48,32,True,366
ECDH-P256,0.03320805262774229,0.11950009502470493,0.0160830095410347,0.13558310456573963,91,138,48,32,True,367
ECDH-P256,0.03308302257210016,0.11983292642980814,0.01679197885096073,0.13662490528076887,91,138,48,32,True,368
ECDH-P256,0.0339169055223465,0.12004200834780931,0.01745892222970724,0.13750093057751656,91,138,48,32,True,369
ECDH-P256,0.033374992199242115,0.11958298273384571,0.016249949112534523,0.13583293184638023,91,138,48,32,True,370
ECDH-P256,0.03320805262774229,0.11975003872066736,0.016207923181355,0.13595796190202236,91,138,48,32,True,371
ECDH-P256,0.03308395389467478,0.11991709470748901,0.016041100025177002,0.13595819473266602,91,138,48,32,True,372
ECDH-P256,0.033125048503279686,0.1194169744849205,0.016040983609855175,0.13545795809477568,91,138,48,32,True,373
ECDH-P256,0.033374992199242115,0.11991604696959257,0.016249949112534523,0.1361659960821271,91,138,48,32,True,374
ECDH-P256,0.03308302257210016,0.11979194823652506,0.016042031347751617,0.13583397958427668,91,138,48,32,True,375
ECDH-P256,0.03587501123547554,0.1200829865410924,0.016332953236997128,0.13641593977808952,91,138,48,32,True,376
ECDH-P256,0.033207936212420464,0.12250000145286322,0.01595797948539257,0.1384579809382558,91,138,48,32,True,377
ECDH-P256,0.03316695801913738,0.11970801278948784,0.016542035154998302,0.13625004794448614,91,138,48,32,True,378
ECDH-P256,0.033250078558921814,0.11962500866502523,0.01591700129210949,0.13554200995713472,91,138,48,32,True,379
ECDH-P256,0.03316695801913738,0.11962500866502523,0.016042031347751617,0.13566704001277685,91,138,48,32,True,380
ECDH-P256,0.03308302257210016,0.11962500866502523,0.01591700129210949,0.13554200995713472,91,138,48,32,True,381
ECDH-P256,0.033082906156778336,0.11975003872066736,0.01591700129210949,0.13566704001277685,91,138,48,32,True,382
ECDH-P256,0.033374992199242115,0.12004200834780931,0.01616694498807192,0.13620895333588123,91,138,48,32,True,383
ECDH-P256,0.03316707443445921,0.11983304284512997,0.016208039596676826,0.1360410824418068,91,138,48,32,True,384
ECDH-P256,0.03341701813042164,0.11975003872066736,0.016000005416572094,0.13575004413723946,91,138,48,32,True,385
ECDH-P256,0.033208983950316906,0.11958298273384571,0.01595797948539257,0.13554096221923828,91,138,48,32,True,386
ECDH-P256,0.03324996214359999,0.11975003872066736,0.01750001683831215,0.1372500555589795,91,138,48,32,True,387
ECDH-P256,0.03304099664092064,0.11970801278948784,0.016417005099356174,0.136125017888844,91,138,48,32,True,388
ECDH-P256,0.03308302257210016,0.11995795648545027,0.016040983609855175,0.13599894009530544,91,138,48,32,True,389
ECDH-P256,0.033041927963495255,0.11945900041610003,0.01591700129210949,0.13537600170820951,91,138,48,32,True,390
ECDH-P256,0.03291596658527851,0.19229203462600708,0.059875077567994595,0.2521671121940017,91,138,48,32,True,391
ECDH-P256,0.06029102951288223,0.1230000052601099,0.020582927390933037,0.14358293265104294,91,138,48,32,True,392
ECDH-P256,0.03608397673815489,0.12575008440762758,0.017291982658207417,0.143042067065835,91,138,48,32,True,393
ECDH-P256,0.0338749960064888,0.12558302842080593,0.019041006453335285,0.14462403487414122,91,138,48,32,True,394
ECDH-P256,0.03458408173173666,0.11962500866502523,0.017458107322454453,0.1370831159874797,91,138,48,32,True,395
ECDH-P256,0.03454205580055714,0.12566603254526854,0.016834004782140255,0.1425000373274088,91,138,48,32,True,396
ECDH-P256,0.033374992199242115,0.11975003872066736,0.016291975043714046,0.1360420137643814,91,138,48,32,True,397
ECDH-P256,0.03316707443445921,0.12099999003112316,0.016749952919781208,0.13774994295090437,91,138,48,32,True,398
ECDH-P256,0.035415985621511936,0.12254191096872091,0.016249949112534523,0.13879186008125544,91,138,48,32,True,399
ECDH-P256,0.03333296626806259,0.11954200454056263,0.016125035472214222,0.13566704001277685,91,138,48,32,True,400
ECDH-P256,0.035917037166655064,0.12795894872397184,0.016457983292639256,0.1444169320166111,91,138,48,32,True,401
ECDH-P256,0.03516708966344595,0.11991604696959257,0.016332953236997128,0.1362490002065897,91,138,48,32,True,402
ECDH-P256,0.03291701432317495,0.16024999786168337,0.0350000336766243,0.19525003153830767,91,138,48,32,True,403
ECDH-P256,0.040749902836978436,0.12891599908471107,0.021000043489038944,0.14991604257375002,91,138,48,32,True,404
ECDH-P256,0.03683404065668583,0.12441701255738735,0.017291982658207417,0.14170899521559477,91,138,48,32,True,405
ECDH-P256,0.03345904406160116,0.13008294627070427,0.017000013031065464,0.14708295930176973,91,138,48,32,True,406
ECDH-P256,0.033624935895204544,0.11991593055427074,0.016417005099356174,0.13633293565362692,91,138,48,32,True,407
ECDH-P256,0.03704102709889412,0.12512505054473877,0.016915961168706417,0.1420410117134452,91,138,48,32,True,408
ECDH-P256,0.03404100425541401,0.12004200834780931,0.016459031030535698,0.136501039378345,91,138,48,32,True,409
ECDH-P256,0.033207936212420464,0.11995795648545027,0.016832957044243813,0.13679091352969408,91,138,48,32,True,410
ECDH-P256,0.03470794763416052,0.12391700875014067,0.01625006552785635,0.14016707427799702,91,138,48,32,True,411
ECDH-P256,0.03487500362098217,0.15974999405443668,0.01825008075684309,0.17800007481127977,91,138,48,32,True,412
ECDH-P256,0.03654195461422205,0.12124993372708559,0.020249979570508003,0.1414999132975936,91,138,48,32,True,413
ECDH-P256,0.033374992199242115,0.11974992230534554,0.01641607377678156,0.1361659960821271,91,138,48,32,True,414
ECDH-P256,0.033291056752204895,0.11958309914916754,0.016167061403393745,0.13575016055256128,91,138,48,32,True,415
ECDH-P256,0.03320805262774229,0.11958298273384571,0.016165897250175476,0.1357488799840212,91,138,48,32,True,416
ECDH-P256,0.033208983950316906,0.11945900041610003,0.017249956727027893,0.13670895714312792,91,138,48,32,True,417
ECDH-P256,0.03316602669656277,0.11954200454056263,0.016000005416572094,0.13554200995713472,91,138,48,32,True,418
ECDH-P256,0.03316707443445921,0.11954200454056263,0.016207923181355,0.13574992772191763,91,138,48,32,True,419
ECDH-P256,0.03350002225488424,0.11945795267820358,0.01616694498807192,0.1356248976662755,91,138,48,32,True,420
ECDH-P256,0.03329198807477951,0.11987506877630949,0.01616694498807192,0.1360420137643814,91,138,48,32,True,421
ECDH-P256,0.033374992199242115,0.11970894411206245,0.016458099707961082,0.13616704382002354,91,138,48,32,True,422
ECDH-P256,0.03304204437881708,0.11966691818088293,0.01579208765178919,0.13545900583267212,91,138,48,32,True,423
ECDH-P256,0.03320805262774229,0.11970801278948784,0.016375095583498478,0.13608310837298632,91,138,48,32,True,424
ECDH-P256,0.03316707443445921,0.11979194823652506,0.0160830095410347,0.13587495777755976,91,138,48,32,True,425
ECDH-P256,0.03312493208795786,0.11987506877630949,0.016125035472214222,0.1360001042485237,91,138,48,32,True,426
ECDH-P256,0.03329198807477951,0.11987495236098766,0.016124919056892395,0.13599987141788006,91,138,48,32,True,427
ECDH-P256,0.03291701432317495,0.12004096060991287,0.0160830095410347,0.13612397015094757,91,138,48,32,True,428
ECDH-P256,0.040125101804733276,0.12262491509318352,0.016583013348281384,0.1392079284414649,91,138,48,32,True,429
ECDH-P256,0.03308302257210016,0.13520801439881325,0.016749952919781208,0.15195796731859446,91,138,48,32,True,430
ECDH-P256,0.033125048503279686,0.12474996037781239,0.01708301715552807,0.14183297753334045,91,138,48,32,True,431
ECDH-P256,0.034334021620452404,0.12316694483160973,0.016457983292639256,0.13962492812424898,91,138,48,32,True,432
ECDH-P256,0.03329198807477951,0.11958403047174215,0.01591700129210949,0.13550103176385164,91,138,48,32,True,433
ECDH-P256,0.033207936212420464,0.11954200454056263,0.015915953554213047,0.13545795809477568,91,138,48,32,True,434
ECDH-P256,0.03308302257210016,0.11983292642980814,0.016166013665497303,0.13599894009530544,91,138,48,32,True,435
ECDH-P256,0.033250078558921814,0.12016703840345144,0.016125035472214222,0.13629207387566566,91,138,48,32,True,436
ECDH-P256,0.03324996214359999,0.11979206465184689,0.015915953554213047,0.13570801820605993,91,138,48,32,True,437
ECDH-P256,0.03320805262774229,0.11954095680266619,0.016042031347751617,0.1355829881504178,91,138,48,32,True,438
ECDH-P256,0.03308395389467478,0.11995900422334671,0.01620908733457327,0.13616809155791998,91,138,48,32,True,439
ECDH-P256,0.03350002225488424,0.12000009883195162,0.015875091776251793,0.1358751906082034,91,138,48,32,True,440
ECDH-P256,0.03320805262774229,0.1194999786093831,0.016000005416572094,0.1354999840259552,91,138,48,32,True,441
ECDH-P256,0.03312493208795786,0.11975003872066736,0.015959027223289013,0.13570906594395638,91,138,48,32,True,442
ECDH-P256,0.11045800056308508,0.14466710854321718,0.048832967877388,0.19350007642060518,91,138,48,32,True,443
ECDH-P256,0.03916595596820116,0.13975007459521294,0.031957984901964664,0.1717080594971776,91,138,48,32,True,444
ECDH-P256,0.0642499653622508,0.12700003571808338,0.020458013750612736,0.14745804946869612,91,138,48,32,True,445
ECDH-P256,0.0338749960064888,0.11975003872066736,0.016166013665497303,0.13591605238616467,91,138,48,32,True,446
ECDH-P256,0.03308302257210016,0.11966703459620476,0.015874975360929966,0.13554200995713472,91,138,48,32,True,447
ECDH-P256,0.03324996214359999,0.11962500866502523,0.015958095900714397,0.13558310456573963,91,138,48,32,True,448
ECDH-P256,0.03379106055945158,0.11987506877630949,0.018874998204410076,0.13875006698071957,91,138,48,32,True,449
ECDH-P256,0.033125048503279686,0.11966598685830832,0.016749952919781208,0.13641593977808952,91,138,48,32,True,450
ECDH-P256,0.033041113056242466,0.11962489224970341,0.016000005416572094,0.1356248976662755,91,138,48,32,True,451
ECDH-P256,0.033125048503279686,0.11979206465184689,0.01625006552785635,0.13604213017970324,91,138,48,32,True,452
ECDH-P256,0.033125048503279686,0.11970801278948784,0.016040983609855175,0.135748996399343,91,138,48,32,True,453
ECDH-P256,0.03304099664092064,0.11929194442927837,0.015959027223289013,0.1352509716525674,91,138,48,32,True,454
ECDH-P256,0.03316707443445921,0.11970801278948784,0.016000005416572094,0.13570801820605993,91,138,48,32,True,455
ECDH-P256,0.033207936212420464,0.11979206465184689,0.016208970919251442,0.13600103557109833,91,138,48,32,True,456
ECDH-P256,0.033374992199242115,0.11975003872066736,0.017167069017887115,0.13691710773855448,91,138,48,32,True,457
ECDH-P256,0.03383297007530928,0.11991697829216719,0.016459031030535698,0.13637600932270288,91,138,48,32,True,458
ECDH-P256,0.039291917346417904,0.11979194823652506,0.016332953236997128,0.1361249014735222,91,138,48,32,True,459
ECDH-P256,0.03329198807477951,0.11983304284512997,0.01591700129210949,0.13575004413723946,91,138,48,32,True,460
ECDH-P256,0.03300001844763756,0.12208404950797558,0.016083940863609314,0.1381679903715849,91,138,48,32,True,461
ECDH-P256,0.03308302257210016,0.11958298273384571,0.01591700129210949,0.1354999840259552,91,138,48,32,True,462
ECDH-P256,0.03316695801913738,0.11962500866502523,0.016042031347751617,0.13566704001277685,91,138,48,32,True,463
ECDH-P256,0.03308302257210016,0.11958298273384571,0.01616694498807192,0.13574992772191763,91,138,48,32,True,464
ECDH-P256,0.033374992199242115,0.11991697829216719,0.017000013031065464,0.13691699132323265,91,138,48,32,True,465
ECDH-P256,0.03324996214359999,0.11962500866502523,0.01591700129210949,0.13554200995713472,91,138,48,32,True,466
ECDH-P256,0.03304099664092064,0.11945795267820358,0.01795799471437931,0.1374159473925829,91,138,48,32,True,467
ECDH-P256,0.03308302257210016,0.11970801278948784,0.01591700129210949,0.13562501408159733,91,138,48,32,True,468
ECDH-P256,0.033041927963495255,0.11975003872066736,0.01595797948539257,0.13570801820605993,91,138,48,32,True,469
ECDH-P256,0.033125048503279686,0.11970801278948784,0.0160830095410347,0.13579102233052254,91,138,48,32,True,470
ECDH-P256,0.033125048503279686,0.11954107321798801,0.01604191493242979,0.1355829881504178,91,138,48,32,True,471
ECDH-P256,0.03304099664092064,0.11954200454056263,0.015874975360929966,0.1354169799014926,91,138,48,32,True,472
ECDH-P256,0.03316602669656277,0.1193339703604579,0.015874975360929966,0.13520894572138786,91,138,48,32,True,473
ECDH-P256,0.03316602669656277,0.1194999786093831,0.016166013665497303,0.1356659922748804,91,138,48,32,True,474
ECDH-P256,0.03308302257210016,0.11937494855374098,0.015916069969534874,0.13529101852327585,91,138,48,32,True,475
ECDH-P256,0.03308302257210016,0.1194999786093831,0.016042031347751617,0.13554200995713472,91,138,48,32,True,476
ECDH-P256,0.03324996214359999,0.11975003872066736,0.016000005416572094,0.13575004413723946,91,138,48,32,True,477
ECDH-P256,0.035041943192481995,0.12029102072119713,0.016167061403393745,0.13645808212459087,91,138,48,32,True,478
ECDH-P256,0.033208983950316906,0.11966703459620476,0.01604191493242979,0.13570894952863455,91,138,48,32,True,479
ECDH-P256,0.03320910036563873,0.11970894411206245,0.01633400097489357,0.13604294508695602,91,138,48,32,True,480
ECDH-P256,0.03316695801913738,0.11966703459620476,0.015874975360929966,0.13554200995713472,91,138,48,32,True,481
ECDH-P256,0.03308302257210016,0.11958298273384571,0.01595797948539257,0.13554096221923828,91,138,48,32,True,482
ECDH-P256,0.033374992199242115,0.11954200454056263,0.016000005416572094,0.13554200995713472,91,138,48,32,True,483
ECDH-P256,0.03287498839199543,0.11966691818088293,0.01570803578943014,0.13537495397031307,91,138,48,32,True,484
ECDH-P256,0.033125048503279686,0.11958298273384571,0.0160830095410347,0.1356659922748804,91,138,48,32,True,485
ECDH-P256,0.033082906156778336,0.11954200454056263,0.01620908733457327,0.1357510918751359,91,138,48,32,True,486
ECDH-P256,0.033291056752204895,0.11962500866502523,0.016125035472214222,0.13575004413723946,91,138,48,32,True,487
ECDH-P256,0.03320805262774229,0.11979194823652506,0.016167061403393745,0.1359590096399188,91,138,48,32,True,488
ECDH-P256,0.03341701813042164,0.11974992230534554,0.0160830095410347,0.13583293184638023,91,138,48,32,True,489
ECDH-P256,0.03299990203231573,0.11945806909352541,0.01708301715552807,0.13654108624905348,91,138,48,32,True,490
ECDH-P256,0.03304204437881708,0.11979194823652506,0.015958910807967186,0.13575085904449224,91,138,48,32,True,491
ECDH-P256,0.03316602669656277,0.11958298273384571,0.0160830095410347,0.1356659922748804,91,138,48,32,True,492
ECDH-P256,0.03320805262774229,0.11962500866502523,0.015916069969534874,0.1355410786345601,91,138,48,32,True,493
ECDH-P256,0.0327499583363533,0.11945900041610003,0.016000005416572094,0.13545900583267212,91,138,48,32,True,494
ECDH-P256,0.033374992199242115,0.1353750703856349,0.016749952919781208,0.1521250233054161,91,138,48,32,True,495
ECDH-P256,0.056582968682050705,0.13745797332376242,0.04241697024554014,0.17987494356930256,91,138,48,32,True,496
ECDH-P256,0.035958015359938145,0.12108299415558577,0.017915968783199787,0.13899896293878555,91,138,48,32,True,497
ECDH-P256,0.03887503407895565,0.1479169586673379,0.03912497777491808,0.18704193644225597,91,138,48,32,True,498
ECDH-P256,0.04225003067404032,0.1237909309566021,0.021541956812143326,0.14533288776874542,91,138,48,32,True,499
ECDH-P256,0.03462505992501974,0.1207499299198389,0.01720909494906664,0.13795902486890554,91,138,48,32,True,500
ECDH-P256,0.03612495493143797,0.12812507338821888,0.017125043086707592,0.14525011647492647,91,138,48,32,True,501
ECDH-P256,0.03345799632370472,0.12020906433463097,0.016666948795318604,0.13687601312994957,91,138,48,32,True,502
ECDH-P256,0.033458112739026546,0.1199580729007721,0.016583013348281384,0.13654108624905348,91,138,48,32,True,503
ECDH-P256,0.033334014005959034,0.11983397416770458,0.01633400097489357,0.13616797514259815,91,138,48,32,True,504
ECDH-P256,0.03487500362098217,0.1229580957442522,0.01645891461521387,0.13941701035946608,91,138,48,32,True,505
ECDH-P256,0.03316695801913738,0.12145796790719032,0.019041006453335285,0.1404989743605256,91,138,48,32,True,506
ECDH-P256,0.034791999496519566,0.12512505054473877,0.017750076949596405,0.14287512749433517,91,138,48,32,True,507
ECDH-P256,0.035207951441407204,0.11966598685830832,0.016124919056892395,0.1357909059152007,91,138,48,32,True,508
ECDH-P256,0.03487500362098217,0.14404207468032837,0.021666986867785454,0.16570906154811382,91,138,48,32,True,509
ECDH-P256,0.04099996294826269,0.1213329378515482,0.01737498678267002,0.13870792463421822,91,138,48,32,True,510
ECDH-P256,0.03358302637934685,0.11999998241662979,0.016959034837782383,0.13695901725441217,91,138,48,32,True,511
ECDH-P256,0.033334014005959034,0.11979194823652506,0.016459031030535698,0.13625097926706076,91,138,48,32,True,512
ECDH-P256,0.033125048503279686,0.1194999786093831,0.016291975043714046,0.13579195365309715,91,138,48,32,True,513
ECDH-P256,0.033542048186063766,0.16858393792062998,0.020709005184471607,0.18929294310510159,91,138,48,32,True,514
ECDH-P256,0.040207989513874054,0.12016692198812962,0.017291982658207417,0.13745890464633703,91,138,48,32,True,515
ECDH-P256,0.03354193177074194,0.11991709470748901,0.016708974726498127,0.13662606943398714,91,138,48,32,True,516
ECDH-P256,0.03587501123547554,0.12600002810359,0.01804193016141653,0.14404195826500654,91,138,48,32,True,517
ECDH-P256,0.03404100425541401,0.11970801278948784,0.016207923181355,0.13591593597084284,91,138,48,32,True,518
ECDH-P256,0.03308395389467478,0.11958298273384571,0.016291975043714046,0.13587495777755976,91,138,48,32,True,519
ECDH-P256,0.03308395389467478,0.11966703459620476,0.01637497916817665,0.1360420137643814,91,138,48,32,True,520
ECDH-P256,0.03300001844763756,0.11987506877630949,0.016583013348281384,0.13645808212459087,91,138,48,32,True,521
ECDH-P256,0.03458303399384022,0.12362503912299871,0.016167061403393745,0.13979210052639246,91,138,48,32,True,522
ECDH-P256,0.03341701813042164,0.11983397416770458,0.016249949112534523,0.1360839232802391,91,138,48,32,True,523
ECDH-P256,0.03524997737258673,0.1194999786093831,0.0160830095410347,0.1355829881504178,91,138,48,32,True,524
ECDH-P256,0.03283401019871235,0.11958309914916754,0.016167061403393745,0.13575016055256128,91,138,48,32,True,525
ECDH-P256,0.033041927963495255,0.11958309914916754,0.01595797948539257,0.1355410786345601,91,138,48,32,True,526
ECDH-P256,0.03300001844763756,0.11970894411206245,0.01608405727893114,0.1357930013909936,91,138,48,32,True,527
ECDH-P256,0.03341690171509981,0.14470808673650026,0.018000020645558834,0.1627081073820591,91,138,48,32,True,528
ECDH-P256,0.03800005652010441,0.14529202599078417,0.023792032152414322,0.1690840581431985,91,138,48,32,True,529
ECDH-P256,0.04199997056275606,0.15454203821718693,0.02095801755785942,0.17550005577504635,91,138,48,32,True,530
ECDH-P256,0.03450002986937761,0.11941604316234589,0.016042031347751617,0.1354580745100975,91,138,48,32,True,531
ECDH-P256,0.03308302257210016,0.11941592674702406,0.01591700129210949,0.13533292803913355,91,138,48,32,True,532
ECDH-P256,0.03304204437881708,0.11962500866502523,0.015959027223289013,0.13558403588831425,91,138,48,32,True,533
ECDH-P256,0.03333296626806259,0.11958298273384571,0.01708301715552807,0.13666599988937378,91,138,48,32,True,534
ECDH-P256,0.03454193938523531,0.1254999078810215,0.01666706521064043,0.14216697309166193,91,138,48,32,True,535
ECDH-P256,0.03466696944087744,0.12174993753433228,0.017042038962244987,0.13879197649657726,91,138,48,32,True,536
ECDH-P256,0.03316695801913738,0.11970801278948784,0.016125035472214222,0.13583304826170206,91,138,48,32,True,537
ECDH-P256,0.03316602669656277,0.11966703459620476,0.016124919056892395,0.13579195365309715,91,138,48,32,True,538
ECDH-P256,0.03320805262774229,0.11966703459620476,0.01591700129210949,0.13558403588831425,91,138,48,32,True,539
ECDH-P256,0.03300001844763756,0.1194999786093831,0.015832949429750443,0.13533292803913355,91,138,48,32,True,540
ECDH-P256,0.03320805262774229,0.11966598685830832,0.015874975360929966,0.13554096221923828,91,138,48,32,True,541
ECDH-P256,0.03304204437881708,0.1194999786093831,0.015874975360929966,0.13537495397031307,91,138,48,32,True,542
ECDH-P256,0.03299990203231573,0.11974992230534554,0.015874975360929966,0.1356248976662755,91,138,48,32,True,543
ECDH-P256,0.03304099664092064,0.11933303903788328,0.015832949429750443,0.13516598846763372,91,138,48,32,True,544
ECDH-P256,0.032957992516458035,0.11937494855374098,0.015959027223289013,0.13533397577703,91,138,48,32,True,545
ECDH-P256,0.03300001844763756,0.11958298273384571,0.015874975360929966,0.13545795809477568,91,138,48,32,True,546
ECDH-P256,0.03291701432317495,0.16383302863687277,0.036375015042722225,0.200208043679595,91,138,48,32,True,547
ECDH-P256,0.04712492227554321,0.12854195665568113,0.017124926671385765,0.1456668833270669,91,138,48,32,True,548
ECDH-P256,0.033791991882026196,0.12408301699906588,0.017916085198521614,0.1419991021975875,91,138,48,32,True,549
ECDH-P256,0.03604206722229719,0.12333400081843138,0.01758395228534937,0.14091795310378075,91,138,48,32,True,550
ECDH-P256,0.034917029552161694,0.12362503912299871,0.016417005099356174,0.1400420442223549,91,138,48,32,True,551
ECDH-P256,0.033374992199242115,0.12470805086195469,0.01741608139127493,0.14212413225322962,91,138,48,32,True,552
ECDH-P256,0.03529200330376625,0.12345809955149889,0.016874982975423336,0.14033308252692223,91,138,48,32,True,553
ECDH-P256,0.03554194699972868,0.12337497901171446,0.01737498678267002,0.14074996579438448,91,138,48,32,True,554
ECDH-P256,0.03800005652010441,0.12550002429634333,0.016749952919781208,0.14224997721612453,91,138,48,32,True,555
ECDH-P256,0.03887503407895565,0.12341700494289398,0.018459046259522438,0.14187605120241642,91,138,48,32,True,556
ECDH-P256,0.03558292519301176,0.12341700494289398,0.021792016923427582,0.14520902186632156,91,138,48,32,True,557
ECDH-P256,0.03466696944087744,0.12637500185519457,0.017625046893954277,0.14400004874914885,91,138,48,32,True,558
ECDH-P256,0.03699993249028921,0.15666603576391935,0.02508307807147503,0.18174911383539438,91,138,48,32,True,559
ECDH-P256,0.042625004425644875,0.14587503392249346,0.01954101026058197,0.16541604418307543,91,138,48,32,True,560
ECDH-P256,0.0411659711971879,0.12712494935840368,0.017915968783199787,0.14504091814160347,91,138,48,32,True,561
ECDH-P256,0.03733392804861069,0.12375006917864084,0.0177919864654541,0.14154205564409494,91,138,48,32,True,562
ECDH-P256,0.0337500823661685,0.1195418881252408,0.019749975763261318,0.13929186388850212,91,138,48,32,True,563
ECDH-P256,0.03429199568927288,0.12583297211676836,0.016042031347751617,0.14187500346451998,91,138,48,32,True,564
ECDH-P256,0.032957992516458035,0.11945795267820358,0.01591700129210949,0.13537495397031307,91,138,48,32,True,565
ECDH-P256,0.03300001844763756,0.1194999786093831,0.01595797948539257,0.13545795809477568,91,138,48,32,True,566
ECDH-P256,0.03291701432317495,0.11912500485777855,0.01591700129210949,0.13504200614988804,91,138,48,32,True,567
ECDH-P256,0.03404100425541401,0.1306250924244523,0.01625006552785635,0.14687515795230865,91,138,48,32,True,568
ECDH-P256,0.10612502228468657,0.12599991168826818,0.020832987502217293,0.14683289919048548,91,138,48,32,True,569
ECDH-P256,0.034207943826913834,0.12291595339775085,0.016707926988601685,0.13962388038635254,91,138,48,32,True,570
ECDH-P256,0.03324996214359999,0.14150002971291542,0.022416003048419952,0.16391603276133537,91,138,48,32,True,571
ECDH-P256,0.062083941884338856,0.12979202438145876,0.019584083929657936,0.1493761083111167,91,138,48,32,True,572
ECDH-P256,0.03441702574491501,0.12033304665237665,0.016916892491281033,0.13724993914365768,91,138,48,32,True,573
ECDH-P256,0.03345799632370472,0.1199580729007721,0.016750069335103035,0.13670814223587513,91,138,48,32,True,574
ECDH-P256,0.03324996214359999,0.11975003872066736,0.01616694498807192,0.13591698370873928,91,138,48,32,True,575
ECDH-P256,0.035375007428228855,0.12462493032217026,0.016375095583498478,0.14100002590566874,91,138,48,32,True,576
ECDH-P256,0.033541000448167324,0.11970801278948784,0.016457983292639256,0.1361659960821271,91,138,48,32,True,577
ECDH-P256,0.03400002606213093,0.12687500566244125,0.016834004782140255,0.1437090104445815,91,138,48,32,True,578
ECDH-P256,0.03341701813042164,0.1193339703604579,0.016042031347751617,0.13537600170820951,91,138,48,32,True,579
ECDH-P256,0.033125048503279686,0.11966691818088293,0.015959027223289013,0.13562594540417194,91,138,48,32,True,580
ECDH-P256,0.033041927963495255,0.11966598685830832,0.01595797948539257,0.13562396634370089,91,138,48,32,True,581
ECDH-P256,0.033082906156778336,0.11975003872066736,0.016417005099356174,0.13616704382002354,91,138,48,32,True,582
ECDH-P256,0.033250078558921814,0.11975003872066736,0.015958095900714397,0.13570813462138176,91,138,48,32,True,583
ECDH-P256,0.03300001844763756,0.12479198630899191,0.016749952919781208,0.14154193922877312,91,138,48,32,True,584
ECDH-P256,0.03304099664092064,0.11954200454056263,0.015874975360929966,0.1354169799014926,91,138,48,32,True,585
ECDH-P256,0.03291608300060034,0.11958309914916754,0.016042031347751617,0.13562513049691916,91,138,48,32,True,586
ECDH-P256,0.03295904025435448,0.11962500866502523,0.016000005416572094,0.13562501408159733,91,138,48,32,True,587
ECDH-P256,0.032957992516458035,0.12350000906735659,0.017125043086707592,0.14062505215406418,91,138,48,32,True,588
ECDH-P256,0.033958000130951405,0.11979101691395044,0.01616694498807192,0.13595796190202236,91,138,48,32,True,589
ECDH-P256,0.03308302257210016,0.11970801278948784,0.015874975360929966,0.1355829881504178,91,138,48,32,True,590
ECDH-P256,0.032832962460815907,0.11933303903788328,0.015875091776251793,0.13520813081413507,91,138,48,32,True,591
ECDH-P256,0.032832962460815907,0.12025004252791405,0.015958095900714397,0.13620813842862844,91,138,48,32,True,592
ECDH-P256,0.03275007475167513,0.11962500866502523,0.01637497916817665,0.13599998783320189,91,138,48,32,True,593
ECDH-P256,0.03374996595084667,0.11999998241662979,0.016125035472214222,0.136125017888844,91,138,48,32,True,594
ECDH-P256,0.03304204437881708,0.12229103595018387,0.0160830095410347,0.13837404549121857,91,138,48,32,True,595
ECDH-P256,0.03295810893177986,0.12204202357679605,0.016959034837782383,0.13900105841457844,91,138,48,32,True,596
ECDH-P256,0.033250078558921814,0.11966691818088293,0.01591700129210949,0.13558391947299242,91,138,48,32,True,597
ECDH-P256,0.03295892383903265,0.11958298273384571,0.016000005416572094,0.1355829881504178,91,138,48,32,True,598
ECDH-P256,0.03954197745770216,0.12362503912299871,0.01591700129210949,0.1395420404151082,91,138,48,32,True,599
ECDH-P256,0.03287498839199543,0.11966703459620476,0.016000005416572094,0.13566704001277685,91,138,48,32,True,600
ECDH-P256,0.03524997737258673,0.12754101771861315,0.01637497916817665,0.1439159968867898,91,138,48,32,True,601
ECDH-P256,0.033374992199242115,0.1194169744849205,0.015875091776251793,0.1352920662611723,91,138,48,32,True,602
ECDH-P256,0.032667070627212524,0.11966703459620476,0.015959027223289013,0.13562606181949377,91,138,48,32,True,603
ECDH-P256,0.03287498839199543,0.12204202357679605,0.016166013665497303,0.13820803724229336,91,138,48,32,True,604
ECDH-P256,0.032957992516458035,0.11962500866502523,0.016124919056892395,0.13574992772191763,91,138,48,32,True,605
ECDH-P256,0.03304099664092064,0.11987495236098766,0.016000005416572094,0.13587495777755976,91,138,48,32,True,606
ECDH-P256,0.033082906156778336,0.11954200454056263,0.015959027223289013,0.13550103176385164,91,138,48,32,True,607
ECDH-P256,0.03304099664092064,0.11962500866502523,0.015874975360929966,0.1354999840259552,91,138,48,32,True,608
ECDH-P256,0.03275007475167513,0.12237508781254292,0.016958103515207767,0.13933319132775068,91,138,48,32,True,609
ECDH-P256,0.03337510861456394,0.1193750649690628,0.015874975360929966,0.13525004032999277,91,138,48,32,True,610
ECDH-P256,0.03295810893177986,0.11970801278948784,0.016208039596676826,0.13591605238616467,91,138,48,32,True,611
ECDH-P256,0.033041927963495255,0.11975003872066736,0.016125035472214222,0.13587507419288158,91,138,48,32,True,612
ECDH-P256,0.032832962460815907,0.12329197488725185,0.01733400858938694,0.1406259834766388,91,138,48,32,True,613
ECDH-P256,0.03558304160833359,0.1212080242112279,0.015916069969534874,0.13712409418076277,91,138,48,32,True,614
ECDH-P256,0.03287498839199543,0.11945806909352541,0.016000005416572094,0.1354580745100975,91,138,48,32,True,615
ECDH-P256,0.03283307887613773,0.11945900041610003,0.01579197123646736,0.1352509716525674,91,138,48,32,True,616
ECDH-P256,0.035499921068549156,0.11954200454056263,0.015875091776251793,0.13541709631681442,91,138,48,32,True,617
ECDH-P256,0.03287498839199543,0.11970894411206245,0.01591700129210949,0.13562594540417194,91,138,48,32,True,618
ECDH-P256,0.03350002225488424,0.1242499565705657,0.015832949429750443,0.14008290600031614,91,138,48,32,True,619
ECDH-P256,0.033791991882026196,0.12445799075067043,0.01595797948539257,0.140415970236063,91,138,48,32,True,620
ECDH-P256,0.033917021937668324,0.13445899821817875,0.018834020011126995,0.15329301822930574,91,138,48,32,True,621
ECDH-P256,0.034374999813735485,0.1200829865410924,0.016583013348281384,0.13666599988937378,91,138,48,32,True,622
ECDH-P256,0.03320805262774229,0.1194999786093831,0.016332953236997128,0.13583293184638023,91,138,48,32,True,623
ECDH-P256,0.03312493208795786,0.1194169744849205,0.016292091459035873,0.13570906594395638,91,138,48,32,True,624
ECDH-P256,0.07054093293845654,0.12383307330310345,0.017208047211170197,0.14104112051427364,91,138,48,32,True,625
ECDH-P256,0.03308302257210016,0.11958298273384571,0.01595797948539257,0.13554096221923828,91,138,48,32,True,626
ECDH-P256,0.032957992516458035,0.11958298273384571,0.015959027223289013,0.13554200995713472,91,138,48,32,True,627
ECDH-P256,0.0326669542118907,0.11975003872066736,0.01591700129210949,0.13566704001277685,91,138,48,32,True,628
ECDH-P256,0.03283401019871235,0.11954200454056263,0.01595797948539257,0.1354999840259552,91,138,48,32,True,629
ECDH-P256,0.03287498839199543,0.12400001287460327,0.016415957361459732,0.140415970236063,91,138,48,32,True,630
ECDH-P256,0.03279105294495821,0.12512493412941694,0.016333069652318954,0.1414580037817359,91,138,48,32,True,631
ECDH-P256,0.03550003748387098,0.1391249243170023,0.019458006136119366,0.15858293045312166,91,138,48,32,True,632
ECDH-P256,0.035792007111012936,0.13625004794448614,0.01733400858938694,0.15358405653387308,91,138,48,32,True,633
ECDH-P256,0.033958000130951405,0.11958298273384571,0.016000005416572094,0.1355829881504178,91,138,48,32,True,634
ECDH-P256,0.032791984267532825,0.11962500866502523,0.015874975360929966,0.1354999840259552,91,138,48,32,True,635
ECDH-P256,0.032832962460815907,0.11966703459620476,0.015915953554213047,0.1355829881504178,91,138,48,32,True,636
ECDH-P256,0.03287498839199543,0.11958298273384571,0.015915953554213047,0.13549893628805876,91,138,48,32,True,637
ECDH-P256,0.03404205199331045,0.12816698290407658,0.016292091459035873,0.14445907436311245,91,138,48,32,True,638
ECDH-P256,0.03295892383903265,0.11966691818088293,0.016291975043714046,0.13595889322459698,91,138,48,32,True,639
ECDH-P256,0.03287498839199543,0.1206669257953763,0.01679209526628256,0.13745902106165886,91,138,48,32,True,640
ECDH-P256,0.03516697324812412,0.11999998241662979,0.01604191493242979,0.13604189734905958,91,138,48,32,True,641
ECDH-P256,0.03291701432317495,0.1194999786093831,0.017125043086707592,0.1366250216960907,91,138,48,32,True,642
ECDH-P256,0.03291701432317495,0.11958298273384571,0.016125035472214222,0.13570801820605993,91,138,48,32,True,643
ECDH-P256,0.03283307887613773,0.11970801278948784,0.0160830095410347,0.13579102233052254,91,138,48,32,True,644
ECDH-P256,0.032832962460815907,0.11966598685830832,0.015958095900714397,0.1356240827590227,91,138,48,32,True,645
ECDH-P256,0.03291701432317495,0.11970801278948784,0.015832949429750443,0.13554096221923828,91,138,48,32,True,646
ECDH-P256,0.033041927963495255,0.11962500866502523,0.01583306584507227,0.1354580745100975,91,138,48,32,True,647
ECDH-P256,0.03287498839199543,0.11954107321798801,0.01579197123646736,0.13533304445445538,91,138,48,32,True,648
ECDH-P256,0.03295904025435448,0.1194169744849205,0.015874975360929966,0.13529194984585047,91,138,48,32,True,649
ECDH-P256,0.03270898014307022,0.11925003491342068,0.01579197123646736,0.13504200614988804,91,138,48,32,True,650
ECDH-P256,0.03287498839199543,0.12420897837728262,0.016542035154998302,0.14075101353228092,91,138,48,32,True,651
ECDH-P256,0.032708048820495605,0.11945795267820358,0.015832949429750443,0.13529090210795403,91,138,48,32,True,652
ECDH-P256,0.03374996595084667,0.14766701497137547,0.02129108179360628,0.16895809676498175,91,138,48,32,True,653
ECDH-P256,0.03454205580055714,0.11979101691395044,0.016291975043714046,0.1360829919576645,91,138,48,32,True,654
ECDH-P256,0.033125048503279686,0.11987495236098766,0.01625006552785635,0.136125017888844,91,138,48,32,True,655
ECDH-P256,0.03341701813042164,0.12008403427898884,0.016000005416572094,0.13608403969556093,91,138,48,32,True,656
ECDH-P256,0.03312493208795786,0.11954095680266619,0.01591700129210949,0.13545795809477568,91,138,48,32,True,657
ECDH-P256,0.033125048503279686,0.11999998241662979,0.01737498678267002,0.1373749691992998,91,138,48,32,True,658
ECDH-P256,0.033208983950316906,0.11937494855374098,0.016000005416572094,0.13537495397031307,91,138,48,32,True,659
ECDH-P256,0.033208983950316906,0.11954200454056263,0.01595797948539257,0.1354999840259552,91,138,48,32,True,660
ECDH-P256,0.03308302257210016,0.1194999786093831,0.01695798709988594,0.13645796570926905,91,138,48,32,True,661
ECDH-P256,0.07979106158018112,0.18029205966740847,0.020541949197649956,0.20083400886505842,91,138,48,32,True,662
ECDH-P256,0.04116701893508434,0.12400001287460327,0.017167069017887115,0.1411670818924904,91,138,48,32,True,663
ECDH-P256,0.03445800393819809,0.12204202357679605,0.017249956727027893,0.13929198030382395,91,138,48,32,True,664
ECDH-P256,0.034415978007018566,0.12170802801847458,0.01691700890660286,0.13862503692507744,91,138,48,32,True,665
ECDH-P256,0.034374999813735485,0.12229196727275848,0.016750069335103035,0.13904203660786152,91,138,48,32,True,666
ECDH-P256,0.03416708204895258,0.12195797171443701,0.017124926671385765,0.13908289838582277,91,138,48,32,True,667
ECDH-P256,0.033542048186063766,0.12220803182572126,0.01695798709988594,0.1391660189256072,91,138,48,32,True,668
ECDH-P256,0.03433309029787779,0.1229170011356473,0.016708974726498127,0.13962597586214542,91,138,48,32,True,669
ECDH-P256,0.03445800393819809,0.12195808812975883,0.016791047528386116,0.13874913565814495,91,138,48,32,True,670
ECDH-P256,0.03441690932959318,0.12258300557732582,0.01695798709988594,0.13954099267721176,91,138,48,32,True,671
ECDH-P256,0.03474997356534004,0.12295902706682682,0.016417005099356174,0.139376032166183,91,138,48,32,True,672
ECDH-P256,0.03445800393819809,0.12212502770125866,0.016834004782140255,0.13895903248339891,91,138,48,32,True,673
ECDH-P256,0.10112498421221972,0.14783302322030067,0.05429191514849663,0.2021249383687973,91,138,48,32,True,674
ECDH-P256,0.04254200030118227,0.13100006617605686,0.01925008837133646,0.15025015454739332,91,138,48,32,True,675
ECDH-P256,0.03791693598031998,0.13066595420241356,0.02116698306053877,0.15183293726295233,91,138,48,32,True,676
ECDH-P256,0.037334044463932514,0.13104197569191456,0.017874990589916706,0.14891696628183126,91,138,48,32,True,677
ECDH-P256,0.03904104232788086,0.13066700194031,0.01858395989984274,0.14925096184015274,91,138,48,32,True,678
ECDH-P256,0.042541068978607655,0.1302079763263464,0.018167076632380486,0.14837505295872688,91,138,48,32,True,679
ECDH-P256,0.039125094190239906,0.13025000225752592,0.017666956409811974,0.1479169586673379,91,138,48,32,True,680
ECDH-P256,0.03787502646446228,0.1253749942407012,0.016958103515207767,0.14233309775590897,91,138,48,32,True,681
ECDH-P256,0.03612495493143797,0.12400001287460327,0.01691700890660286,0.14091702178120613,91,138,48,32,True,682
ECDH-P256,0.03674998879432678,0.12383295688778162,0.017457990907132626,0.14129094779491425,91,138,48,32,True,683
ECDH-P256,0.03679096698760986,0.12383295688778162,0.016291975043714046,0.14012493193149567,91,138,48,32,True,684
ECDH-P256,0.03316707443445921,0.1193750649690628,0.016208970919251442,0.13558403588831425,91,138,48,32,True,685
ECDH-P256,0.033125048503279686,0.11950009502470493,0.0185410026460886,0.13804109767079353,91,138,48,32,True,686
ECDH-P256,0.03300001844763756,0.11966703459620476,0.016167061403393745,0.1358340959995985,91,138,48,32,True,687
ECDH-P256,0.03308302257210016,0.11925003491342068,0.016083940863609314,0.13533397577703,91,138,48,32,True,688
ECDH-P256,0.033041927963495255,0.11966691818088293,0.015915953554213047,0.13558287173509598,91,138,48,32,True,689
ECDH-P256,0.03312493208795786,0.11941709090024233,0.01604191493242979,0.13545900583267212,91,138,48,32,True,690
ECDH-P256,0.03379106055945158,0.12383295688778162,0.01595797948539257,0.1397909363731742,91,138,48,32,True,691
ECDH-P256,0.03287498839199543,0.11920800898224115,0.016083940863609314,0.13529194984585047,91,138,48,32,True,692
ECDH-P256,0.03300001844763756,0.1194999786093831,0.016083940863609314,0.13558391947299242,91,138,48,32,True,693
ECDH-P256,0.03320910036563873,0.11962500866502523,0.016125035472214222,0.13575004413723946,91,138,48,32,True,694
ECDH-P256,0.033207936212420464,0.11983409058302641,0.01604191493242979,0.1358760055154562,91,138,48,32,True,695
ECDH-P256,0.033207936212420464,0.11941709090024233,0.015875091776251793,0.13529218267649412,91,138,48,32,True,696
ECDH-P256,0.03304204437881708,0.11941592674702406,0.016291975043714046,0.1357079017907381,91,138,48,32,True,697
ECDH-P256,0.03416696563363075,0.12354203499853611,0.016749952919781208,0.14029198791831732,91,138,48,32,True,698
ECDH-P256,0.03612495493143797,0.1484580570831895,0.02550007775425911,0.1739581348374486,91,138,48,32,True,699
ECDH-P256,0.04316703416407108,0.1300000585615635,0.019875005818903446,0.14987506438046694,91,138,48,32,True,700
ECDH-P256,0.04170800093561411,0.15270791482180357,0.021541956812143326,0.1742498716339469,91,138,48,32,True,701
ECDH-P256,0.034624943509697914,0.14666595961898565,0.02975005190819502,0.17641601152718067,91,138,48,32,True,702
ECDH-P256,0.04241697024554014,0.12895790860056877,0.019041006453335285,0.14799891505390406,91,138,48,32,True,703
ECDH-P256,0.03433297388255596,0.12020801659673452,0.016875099390745163,0.1370831159874797,91,138,48,32,True,704
ECDH-P256,0.03654195461422205,0.12020894791930914,0.016750069335103035,0.13695901725441217,91,138,48,32,True,705
ECDH-P256,0.033541000448167324,0.12208300177007914,0.017125043086707592,0.13920804485678673,91,138,48,32,True,706
ECDH-P256,0.035458942875266075,0.12379197869449854,0.016959034837782383,0.14075101353228092,91,138,48,32,True,707
ECDH-P256,0.035250093787908554,0.12033397797495127,0.028667040169239044,0.1490010181441903,91,138,48,32,True,708
ECDH-P256,0.03587501123547554,0.1272909576073289,0.016666948795318604,0.1439579064026475,91,138,48,32,True,709
ECDH-P256,0.03329198807477951,0.12737500946968794,0.017416896298527718,0.14479190576821566,91,138,48,32,True,710
ECDH-P256,0.03366603050380945,0.11983304284512997,0.01616694498807192,0.13599998783320189,91,138,48,32,True,711
ECDH-P256,0.03320805262774229,0.11970801278948784,0.016041100025177002,0.13574911281466484,91,138,48,32,True,712
ECDH-P256,0.03300001844763756,0.11987495236098766,0.0160830095410347,0.13595796190202236,91,138,48,32,True,713
ECDH-P256,0.03329198807477951,0.1195418881252408,0.016125035472214222,0.13566692359745502,91,138,48,32,True,714
ECDH-P256,0.033041927963495255,0.1193750649690628,0.016042031347751617,0.13541709631681442,91,138,48,32,True,715
ECDH-P256,0.033082906156778336,0.11970906052738428,0.01608405727893114,0.13579311780631542,91,138,48,32,True,716
ECDH-P256,0.03312493208795786,0.11962500866502523,0.01625006552785635,0.13587507419288158,91,138,48,32,True,717
ECDH-P256,0.03283401019871235,0.11945900041610003,0.015958910807967186,0.1354179112240672,91,138,48,32,True,718
ECDH-P256,0.03300001844763756,0.11958298273384571,0.01595797948539257,0.13554096221923828,91,138,48,32,True,719
ECDH-P256,0.03300001844763756,0.11970801278948784,0.01595797948539257,0.1356659922748804,91,138,48,32,True,720
ECDH-P256,0.033917021937668324,0.12070895172655582,0.015875091776251793,0.13658404350280762,91,138,48,32,True,721
ECDH-P256,0.03379106055945158,0.12070895172655582,0.01591700129210949,0.1366259530186653,91,138,48,32,True,722
ECDH-P256,0.033542048186063766,0.12491608504205942,0.01608289312571287,0.1409989781677723,91,138,48,32,True,723
ECDH-P256,0.03329198807477951,0.11966703459620476,0.016584061086177826,0.13625109568238258,91,138,48,32,True,724
ECDH-P256,0.03670796286314726,0.12341595720499754,0.01670804340392351,0.14012400060892105,91,138,48,32,True,725
ECDH-P256,0.03491691313683987,0.12337497901171446,0.016666948795318604,0.14004192780703306,91,138,48,32,True,726
ECDH-P256,0.03533309791237116,0.1230830093845725,0.016542035154998302,0.1396250445395708,91,138,48,32,True,727
ECDH-P256,0.03654207102954388,0.12320803944021463,0.016583013348281384,0.13979105278849602,91,138,48,32,True,728
ECDH-P256,0.03574998117983341,0.12341700494289398,0.016417005099356174,0.13983401004225016,91,138,48,32,True,729
ECDH-P256,0.03424996975809336,0.12337497901171446,0.016457983292639256,0.13983296230435371,91,138,48,32,True,730
ECDH-P256,0.05470798350870609,0.12987502850592136,0.020249979570508003,0.15012500807642937,91,138,48,32,True,731
ECDH-P256,0.06629095878452063,0.1271250657737255,0.018874998204410076,0.14600006397813559,91,138,48,32,True,732
ECDH-P256,0.037499936297535896,0.12574996799230576,0.01850002445280552,0.14424999244511127,91,138,48,32,True,733
ECDH-P256,0.05079200491309166,0.12458302080631256,0.018249964341521263,0.14283298514783382,91,138,48,32,True,734
ECDH-P256,0.03404205199331045,0.11987495236098766,0.01808302477002144,0.1379579771310091,91,138,48,32,True,735
ECDH-P256,0.03345799632370472,0.11970801278948784,0.01637497916817665,0.1360829919576645,91,138,48,32,True,736
ECDH-P256,0.033499905839562416,0.11983397416770458,0.016208970919251442,0.13604294508695602,91,138,48,32,True,737
ECDH-P256,0.034791999496519566,0.12666697148233652,0.016125035472214222,0.14279200695455074,91,138,48,32,True,738
ECDH-P256,0.03308302257210016,0.1241669524461031,0.01791701652109623,0.14208396896719933,91,138,48,32,True,739
ECDH-P256,0.03658293280750513,0.11962500866502523,0.016000005416572094,0.13562501408159733,91,138,48,32,True,740
ECDH-P256,0.03299990203231573,0.12662506196647882,0.017332960851490498,0.14395802281796932,91,138,48,32,True,741
ECDH-P256,0.03591598942875862,0.12308394070714712,0.016459031030535698,0.13954297173768282,91,138,48,32,True,742
ECDH-P256,0.035792007111012936,0.12541597243398428,0.017000013031065464,0.14241598546504974,91,138,48,32,True,743
ECDH-P256,0.03454205580055714,0.12337497901171446,0.01637497916817665,0.1397499581798911,91,138,48,32,True,744
ECDH-P256,0.03474997356534004,0.12404099106788635,0.017083948478102684,0.14112493954598904,91,138,48,32,True,745
ECDH-P256,0.03499991726130247,0.12316694483160973,0.01850002445280552,0.14166696928441525,91,138,48,32,True,746
ECDH-P256,0.03524997737258673,0.12320792302489281,0.016457983292639256,0.13966590631753206,91,138,48,32,True,747
ECDH-P256,0.033917021937668324,0.12316694483160973,0.016417005099356174,0.1395839499309659,91,138,48,32,True,748
ECDH-P256,0.034541008062660694,0.12958399020135403,0.029791961424052715,0.15937595162540674,91,138,48,32,True,749
ECDH-P256,0.063000014051795,0.1230000052601099,0.021082931198179722,0.14408293645828962,91,138,48,32,True,750
ECDH-P256,0.03333296626806259,0.11962500866502523,0.016207923181355,0.13583293184638023,91,138,48,32,True,751
ECDH-P256,0.03329198807477951,0.11975003872066736,0.016249949112534523,0.13599998783320189,91,138,48,32,True,752
ECDH-P256,0.033084070309996605,0.12741703540086746,0.01662492286413908,0.14404195826500654,91,138,48,32,True,753
ECDH-P256,0.033374992199242115,0.11966703459620476,0.016415957361459732,0.1360829919576645,91,138,48,32,True,754
ECDH-P256,0.03350002225488424,0.11999998241662979,0.016291975043714046,0.13629195746034384,91,138,48,32,True,755
ECDH-P256,0.03329094033688307,0.11979206465184689,0.016166013665497303,0.1359580783173442,91,138,48,32,True,756
ECDH-P256,0.033250078558921814,0.11970894411206245,0.016000005416572094,0.13570894952863455,91,138,48,32,True,757
ECDH-P256,0.033291056752204895,0.11966703459620476,0.016167061403393745,0.1358340959995985,91,138,48,32,True,758
ECDH-P256,0.03316695801913738,0.11966703459620476,0.016042031347751617,0.13570906594395638,91,138,48,32,True,759
ECDH-P256,0.03300001844763756,0.11950009502470493,0.016000005416572094,0.13550010044127703,91,138,48,32,True,760
ECDH-P256,0.033250078558921814,0.11983397416770458,0.015874975360929966,0.13570894952863455,91,138,48,32,True,761
ECDH-P256,0.03324996214359999,0.11945795267820358,0.016040983609855175,0.13549893628805876,91,138,48,32,True,762
ECDH-P256,0.03300001844763756,0.11995888780802488,0.016124919056892395,0.13608380686491728,91,138,48,32,True,763
ECDH-P256,0.03299990203231573,0.1194169744849205,0.016125035472214222,0.13554200995713472,91,138,48,32,True,764
ECDH-P256,0.03308395389467478,0.11970906052738428,0.016042031347751617,0.1357510918751359,91,138,48,32,True,765
ECDH-P256,0.03308302257210016,0.11983292642980814,0.0172910513356328,0.13712397776544094,91,138,48,32,True,766
ECDH-P256,0.03316602669656277,0.11945795267820358,0.0160830095410347,0.13554096221923828,91,138,48,32,True,767
ECDH-P256,0.03316602669656277,0.11954200454056263,0.016000005416572094,0.13554200995713472,91,138,48,32,True,768
ECDH-P256,0.033208983950316906,0.11950009502470493,0.016292091459035873,0.1357921864837408,91,138,48,32,True,769
ECDH-P256,0.03316707443445921,0.1194999786093831,0.016000005416572094,0.1354999840259552,91,138,48,32,True,770
ECDH-P256,0.03316695801913738,0.1194169744849205,0.016000005416572094,0.1354169799014926,91,138,48,32,True,771
ECDH-P256,0.03300001844763756,0.11925003491342068,0.01608405727893114,0.13533409219235182,91,138,48,32,True,772
ECDH-P256,0.033041927963495255,0.11954095680266619,0.01591700129210949,0.13545795809477568,91,138,48,32,True,773
ECDH-P256,0.03287498839199543,0.11933292262256145,0.023333006538450718,0.14266592916101217,91,138,48,32,True,774
ECDH-P256,0.03312493208795786,0.11925003491342068,0.01608405727893114,0.13533409219235182,91,138,48,32,True,775
ECDH-P256,0.03308395389467478,0.11983409058302641,0.015874975360929966,0.13570906594395638,91,138,48,32,True,776
ECDH-P256,0.03300001844763756,0.11974992230534554,0.01616694498807192,0.13591686729341745,91,138,48,32,True,777
ECDH-P256,0.03287510480731726,0.1193750649690628,0.016083940863609314,0.13545900583267212,91,138,48,32,True,778
ECDH-P256,0.033125048503279686,0.11987495236098766,0.016000005416572094,0.13587495777755976,91,138,48,32,True,779
ECDH-P256,0.03308395389467478,0.11950009502470493,0.016167061403393745,0.13566715642809868,91,138,48,32,True,780
ECDH-P256,0.03308302257210016,0.11954200454056263,0.016208039596676826,0.13575004413723946,91,138,48,32,True,781
ECDH-P256,0.032957992516458035,0.1194999786093831,0.016000005416572094,0.1354999840259552,91,138,48,32,True,782
ECDH-P256,0.03312493208795786,0.14420796651393175,0.039624981582164764,0.18383294809609652,91,138,48,32,True,783
ECDH-P256,0.05579099524766207,0.1302079763263464,0.018874998204410076,0.14908297453075647,91,138,48,32,True,784
ECDH-P256,0.03470794763416052,0.12079195585101843,0.01733400858938694,0.13812596444040537,91,138,48,32,True,785
ECDH-P256,0.038041966035962105,0.16441603656858206,0.020249979570508003,0.18466601613909006,91,138,48,32,True,786
ECDH-P256,0.036209006793797016,0.12124993372708559,0.020290957763791084,0.14154089149087667,91,138,48,32,True,787
ECDH-P256,0.03304204437881708,0.1217919634655118,0.01637497916817665,0.13816694263368845,91,138,48,32,True,788
ECDH-P256,0.03320805262774229,0.11950009502470493,0.016208970919251442,0.13570906594395638,91,138,48,32,True,789
ECDH-P256,0.03316591028124094,0.11991697829216719,0.016083940863609314,0.1360009191557765,91,138,48,32,True,790
ECDH-P256,0.033374992199242115,0.11966703459620476,0.0160830095410347,0.13575004413723946,91,138,48,32,True,791
ECDH-P256,0.03308395389467478,0.11970894411206245,0.016000005416572094,0.13570894952863455,91,138,48,32,True,792
ECDH-P256,0.033208983950316906,0.11954200454056263,0.01625006552785635,0.13579207006841898,91,138,48,32,True,793
ECDH-P256,0.03308302257210016,0.11987495236098766,0.016000005416572094,0.13587495777755976,91,138,48,32,True,794
ECDH-P256,0.03304204437881708,0.12524996418505907,0.016457983292639256,0.14170794747769833,91,138,48,32,True,795
ECDH-P256,0.03324996214359999,0.11979194823652506,0.01637497916817665,0.1361669274047017,91,138,48,32,True,796
ECDH-P256,0.032957992516458035,0.11962500866502523,0.016167061403393745,0.13579207006841898,91,138,48,32,True,797
ECDH-P256,0.03324996214359999,0.11966598685830832,0.015999889001250267,0.13566587585955858,91,138,48,32,True,798
ECDH-P256,0.033291056752204895,0.11970789637416601,0.015875091776251793,0.1355829881504178,91,138,48,32,True,799
ECDH-P256,0.03304099664092064,0.11975003872066736,0.016000005416572094,0.13575004413723946,91,138,48,32,True,800
ECDH-P256,0.03408303018659353,0.11995900422334671,0.016417005099356174,0.13637600932270288,91,138,48,32,True,801
ECDH-P256,0.03329198807477951,0.11970789637416601,0.016042031347751617,0.13574992772191763,91,138,48,32,True,802
ECDH-P256,0.03300001844763756,0.11999998241662979,0.016124919056892395,0.1361249014735222,91,138,48,32,True,803
ECDH-P256,0.03304204437881708,0.11974992230534554,0.016291975043714046,0.13604189734905958,91,138,48,32,True,804
ECDH-P256,0.03299990203231573,0.11966598685830832,0.017249956727027893,0.1369159435853362,91,138,48,32,True,805
ECDH-P256,0.032791984267532825,0.11979206465184689,0.017291982658207417,0.1370840473100543,91,138,48,32,True,806
ECDH-P256,0.03316695801913738,0.1194999786093831,0.015833997167646885,0.13533397577703,91,138,48,32,True,807
ECDH-P256,0.03300001844763756,0.11991709470748901,0.016208970919251442,0.13612606562674046,91,138,48,32,True,808
ECDH-P256,0.03304204437881708,0.11991697829216719,0.016042031347751617,0.1359590096399188,91,138,48,32,True,809
ECDH-P256,0.033125048503279686,0.11958309914916754,0.016542035154998302,0.13612513430416584,91,138,48,32,True,810
ECDH-P256,0.03304099664092064,0.11970801278948784,0.016457983292639256,0.1361659960821271,91,138,48,32,True,811
ECDH-P256,0.032957992516458035,0.11954095680266619,0.016417005099356174,0.13595796190202236,91,138,48,32,True,812
ECDH-P256,0.03308302257210016,0.11974992230534554,0.016333069652318954,0.1360829919576645,91,138,48,32,True,813
ECDH-P256,0.033374992199242115,0.11975003872066736,0.016040983609855175,0.13579102233052254,91,138,48,32,True,814
ECDH-P256,0.033041927963495255,0.11975003872066736,0.016000005416572094,0.13575004413723946,91,138,48,32,True,815
ECDH-P256,0.033082906156778336,0.11962500866502523,0.0160830095410347,0.13570801820605993,91,138,48,32,True,816
ECDH-P256,0.03312493208795786,0.1272499794140458,0.016625039279460907,0.14387501869350672,91,138,48,32,True,817
ECDH-P256,0.03320805262774229,0.11945795267820358,0.016042031347751617,0.1354999840259552,91,138,48,32,True,818
ECDH-P256,0.03300001844763756,0.1194999786093831,0.016207923181355,0.1357079017907381,91,138,48,32,True,819
ECDH-P256,0.03300001844763756,0.11979194823652506,0.01591700129210949,0.13570894952863455,91,138,48,32,True,820
ECDH-P256,0.032957992516458035,0.11966598685830832,0.01595797948539257,0.13562396634370089,91,138,48,32,True,821
ECDH-P256,0.03287498839199543,0.1194169744849205,0.017249956727027893,0.1366669312119484,91,138,48,32,True,822
ECDH-P256,0.03304204437881708,0.11958298273384571,0.01708290074020624,0.13666588347405195,91,138,48,32,True,823
ECDH-P256,0.03300001844763756,0.11962500866502523,0.017292099073529243,0.13691710773855448,91,138,48,32,True,824
ECDH-P256,0.03299990203231573,0.11954200454056263,0.017042038962244987,0.13658404350280762,91,138,48,32,True,825
ECDH-P256,0.03291701432317495,0.11945795267820358,0.016000005416572094,0.13545795809477568,91,138,48,32,True,826
ECDH-P256,0.03308395389467478,0.11950009502470493,0.01650000922381878,0.1360001042485237,91,138,48,32,True,827
ECDH-P256,0.03291608300060034,0.11941709090024233,0.01591700129210949,0.13533409219235182,91,138,48,32,True,828
ECDH-P256,0.03291701432317495,0.11954200454056263,0.016042031347751617,0.13558403588831425,91,138,48,32,True,829
ECDH-P256,0.03316602669656277,0.11958298273384571,0.01716695260256529,0.136749935336411,91,138,48,32,True,830
ECDH-P256,0.03308302257210016,0.11991697829216719,0.01608405727893114,0.13600103557109833,91,138,48,32,True,831
ECDH-P256,0.03295904025435448,0.12004200834780931,0.01816696021705866,0.13820896856486797,91,138,48,32,True,832
ECDH-P256,0.03416708204895258,0.12329104356467724,0.01662492286413908,0.13991596642881632,91,138,48,32,True,833
ECDH-P256,0.03479106817394495,0.12337497901171446,0.016458099707961082,0.13983307871967554,91,138,48,32,True,834
ECDH-P256,0.034250086173415184,0.12362503912299871,0.017000013031065464,0.14062505215406418,91,138,48,32,True,835
ECDH-P256,0.0351249473169446,0.14833302702754736,0.04312500823289156,0.19145803526043892,91,138,48,32,True,836
ECDH-P256,0.0613329466432333,0.16316701658070087,0.02020795363932848,0.18337497022002935,91,138,48,32,True,837
ECDH-P256,0.03929203376173973,0.12241594959050417,0.016417005099356174,0.13883295468986034,91,138,48,32,True,838
ECDH-P256,0.033334014005959034,0.1194999786093831,0.016332953236997128,0.13583293184638023,91,138,48,32,True,839
ECDH-P256,0.033208983950316906,0.12554205022752285,0.016583944670856,0.14212599489837885,91,138,48,32,True,840
ECDH-P256,0.03316591028124094,0.11958298273384571,0.016042031347751617,0.13562501408159733,91,138,48,32,True,841
ECDH-P256,0.03300001844763756,0.11962500866502523,0.016207923181355,0.13583293184638023,91,138,48,32,True,842
ECDH-P256,0.03312493208795786,0.11979101691395044,0.015833997167646885,0.13562501408159733,91,138,48,32,True,843
ECDH-P256,0.032791984267532825,0.1193750649690628,0.0160830095410347,0.1354580745100975,91,138,48,32,True,844
ECDH-P256,0.03304099664092064,0.12216693721711636,0.015874975360929966,0.13804191257804632,91,138,48,32,True,845
ECDH-P256,0.032957992516458035,0.11966598685830832,0.015832949429750443,0.13549893628805876,91,138,48,32,True,846
ECDH-P256,0.03299990203231573,0.11966691818088293,0.016040983609855175,0.1357079017907381,91,138,48,32,True,847
ECDH-P256,0.03283401019871235,0.11954200454056263,0.01579092349857092,0.13533292803913355,91,138,48,32,True,848
ECDH-P256,0.03287498839199543,0.11970801278948784,0.015999889001250267,0.1357079017907381,91,138,48,32,True,849
ECDH-P256,0.03300001844763756,0.11966598685830832,0.015874975360929966,0.13554096221923828,91,138,48,32,True,850
ECDH-P256,0.03304099664092064,0.12270896695554256,0.015833997167646885,0.13854296412318945,91,138,48,32,True,851
ECDH-P256,0.03300001844763756,0.1194169744849205,0.015959027223289013,0.13537600170820951,91,138,48,32,True,852
ECDH-P256,0.032957992516458035,0.12237497139722109,0.015916069969534874,0.13829104136675596,91,138,48,32,True,853
ECDH-P256,0.03299990203231573,0.11975003872066736,0.016249949112534523,0.13599998783320189,91,138,48,32,True,854
ECDH-P256,0.032957992516458035,0.1194169744849205,0.016000005416572094,0.1354169799014926,91,138,48,32,True,855
ECDH-P256,0.03300001844763756,0.11954200454056263,0.015874975360929966,0.1354169799014926,91,138,48,32,True,856
ECDH-P256,0.03287498839199543,0.11979194823652506,0.01625006552785635,0.1360420137643814,91,138,48,32,True,857
ECDH-P256,0.03291701432317495,0.11945900041610003,0.0160830095410347,0.13554200995713472,91,138,48,32,True,858
ECDH-P256,0.033084070309996605,0.11945900041610003,0.01616694498807192,0.13562594540417194,91,138,48,32,True,859
ECDH-P256,0.03320805262774229,0.11966610327363014,0.016000005416572094,0.13566610869020224,91,138,48,32,True,860
ECDH-P256,0.03300001844763756,0.1194999786093831,0.0160830095410347,0.1355829881504178,91,138,48,32,True,861
ECDH-P256,0.03300001844763756,0.11958403047174215,0.016083940863609314,0.13566797133535147,91,138,48,32,True,862
ECDH-P256,0.033125048503279686,0.11925003491342068,0.016125035472214222,0.1353750703856349,91,138,48,32,True,863
ECDH-P256,0.033041927963495255,0.11987506877630949,0.01566589344292879,0.13554096221923828,91,138,48,32,True,864
ECDH-P256,0.03304204437881708,0.12149999383836985,0.017040991224348545,0.1385409850627184,91,138,48,32,True,865
ECDH-P256,0.0327499583363533,0.12091593816876411,0.01650000922381878,0.1374159473925829,91,138,48,32,True,866
ECDH-P256,0.033542048186063766,0.11945795267820358,0.016040983609855175,0.13549893628805876,91,138,48,32,True,867
ECDH-P256,0.033041927963495255,0.11966691818088293,0.016042031347751617,0.13570894952863455,91,138,48,32,True,868
ECDH-P256,0.03324996214359999,0.12012501247227192,0.016083940863609314,0.13620895333588123,91,138,48,32,True,869
ECDH-P256,0.033499905839562416,0.11970801278948784,0.015915953554213047,0.13562396634370089,91,138,48,32,True,870
ECDH-P256,0.03300001844763756,0.12037495616823435,0.016125035472214222,0.13649999164044857,91,138,48,32,True,871
ECDH-P256,0.03304099664092064,0.1193750649690628,0.016332953236997128,0.13570801820605993,91,138,48,32,True,872
ECDH-P256,0.03308302257210016,0.11966703459620476,0.01629104372113943,0.1359580783173442,91,138,48,32,True,873
ECDH-P256,0.03300001844763756,0.11970789637416601,0.0160830095410347,0.1357909059152007,91,138,48,32,True,874
ECDH-P256,0.03316695801913738,0.11954200454056263,0.015958910807967186,0.13550091534852982,91,138,48,32,True,875
ECDH-P256,0.033374992199242115,0.11987506877630949,0.01745892222970724,0.13733399100601673,91,138,48,32,True,876
ECDH-P256,0.032957992516458035,0.11974992230534554,0.01604191493242979,0.13579183723777533,91,138,48,32,True,877
ECDH-P256,0.03316602669656277,0.11987495236098766,0.016000005416572094,0.13587495777755976,91,138,48,32,True,878
ECDH-P256,0.033041927963495255,0.13145804405212402,0.016582896932959557,0.14804094098508358,91,138,48,32,True,879
ECDH-P256,0.03304099664092064,0.11966703459620476,0.016000005416572094,0.13566704001277685,91,138,48,32,True,880
ECDH-P256,0.033041927963495255,0.11962500866502523,0.015958910807967186,0.13558391947299242,91,138,48,32,True,881
ECDH-P256,0.03283307887613773,0.11962500866502523,0.016208039596676826,0.13583304826170206,91,138,48,32,True,882
ECDH-P256,0.03291701432317495,0.11979194823652506,0.016542035154998302,0.13633398339152336,91,138,48,32,True,883
ECDH-P256,0.03316602669656277,0.11945900041610003,0.015874975360929966,0.13533397577703,91,138,48,32,True,884
ECDH-P256,0.03304204437881708,0.12012501247227192,0.015749945305287838,0.13587495777755976,91,138,48,32,True,885
ECDH-P256,0.03300001844763756,0.11958403047174215,0.015874975360929966,0.13545900583267212,91,138,48,32,True,886
ECDH-P256,0.03308302257210016,0.11970801278948784,0.01583306584507227,0.1355410786345601,91,138,48,32,True,887
ECDH-P256,0.032957992516458035,0.11954200454056263,0.015959027223289013,0.13550103176385164,91,138,48,32,True,888
ECDH-P256,0.03316602669656277,0.11966703459620476,0.015959027223289013,0.13562606181949377,91,138,48,32,True,889
ECDH-P256,0.06724998820573092,0.1365420175716281,0.047165900468826294,0.1837079180404544,91,138,48,32,True,890
ECDH-P256,0.034917029552161694,0.1207499299198389,0.018625054508447647,0.13937498442828655,91,138,48,32,True,891
ECDH-P256,0.037792022339999676,0.12016703840345144,0.016832957044243813,0.13699999544769526,91,138,48,32,True,892
ECDH-P256,0.033374992199242115,0.12024992611259222,0.01654098741710186,0.13679091352969408,91,138,48,32,True,893
ECDH-P256,0.03308302257210016,0.12133398558944464,0.01650000922381878,0.13783399481326342,91,138,48,32,True,894
ECDH-P256,0.033207936212420464,0.11983304284512997,0.016417005099356174,0.13625004794448614,91,138,48,32,True,895
ECDH-P256,0.03299990203231573,0.11966703459620476,0.01633400097489357,0.13600103557109833,91,138,48,32,True,896
ECDH-P256,0.03308302257210016,0.1229170011356473,0.016916077584028244,0.13983307871967554,91,138,48,32,True,897
ECDH-P256,0.03350002225488424,0.12579199392348528,0.019249971956014633,0.1450419658794999,91,138,48,32,True,898
ECDH-P256,0.033291056752204895,0.11999998241662979,0.01633400097489357,0.13633398339152336,91,138,48,32,True,899
ECDH-P256,0.03316707443445921,0.11987495236098766,0.0160830095410347,0.13595796190202236,91,138,48,32,True,900
ECDH-P256,0.03587501123547554,0.12883299496024847,0.01695798709988594,0.1457909820601344,91,138,48,32,True,901
ECDH-P256,0.0338749960064888,0.11970906052738428,0.016042031347751617,0.1357510918751359,91,138,48,32,True,902
ECDH-P256,0.0712500186637044,0.12350000906735659,0.02329191192984581,0.1467919209972024,91,138,48,32,True,903
ECDH-P256,0.03458303399384022,0.12033293023705482,0.017417012713849545,0.13774994295090437,91,138,48,32,True,904
ECDH-P256,0.03345799632370472,0.11983292642980814,0.016583013348281384,0.13641593977808952,91,138,48,32,True,905
ECDH-P256,0.03333296626806259,0.11987495236098766,0.01633400097489357,0.13620895333588123,91,138,48,32,True,906
ECDH-P256,0.033082906156778336,0.122416066005826,0.017083948478102684,0.13950001448392868,91,138,48,32,True,907
ECDH-P256,0.03370910417288542,0.1194169744849205,0.016249949112534523,0.13566692359745502,91,138,48,32,True,908
ECDH-P256,0.03320805262774229,0.11962500866502523,0.017499900422990322,0.13712490908801556,91,138,48,32,True,909
ECDH-P256,0.03316602669656277,0.1194169744849205,0.016083940863609314,0.13550091534852982,91,138,48,32,True,910
ECDH-P256,0.03312493208795786,0.11958298273384571,0.016166013665497303,0.135748996399343,91,138,48,32,True,911
ECDH-P256,0.03304099664092064,0.1194999786093831,0.016000005416572094,0.1354999840259552,91,138,48,32,True,912
ECDH-P256,0.03295892383903265,0.1194169744849205,0.01595797948539257,0.13537495397031307,91,138,48,32,True,913
ECDH-P256,0.035458942875266075,0.12225005775690079,0.01616694498807192,0.1384170027449727,91,138,48,32,True,914
ECDH-P256,0.033082906156778336,0.12433307711035013,0.01720793079584837,0.1415410079061985,91,138,48,32,True,915
ECDH-P256,0.03475008998066187,0.12062489986419678,0.016625039279460907,0.13724993914365768,91,138,48,32,True,916
ECDH-P256,0.03450002986937761,0.11954095680266619,0.016208039596676826,0.135748996399343,91,138,48,32,True,917
ECDH-P256,0.03374996595084667,0.16366690397262573,0.02308306284248829,0.18674996681511402,91,138,48,32,True,918
ECDH-P256,0.04216702654957771,0.1212910283356905,0.017832964658737183,0.13912399299442768,91,138,48,32,True,919
ECDH-P256,0.033374992199242115,0.12004096060991287,0.01637497916817665,0.13641593977808952,91,138,48,32,True,920
ECDH-P256,0.033125048503279686,0.12004200834780931,0.016417005099356174,0.1364590134471655,91,138,48,32,True,921
ECDH-P256,0.03308302257210016,0.11937494855374098,0.016125035472214222,0.1354999840259552,91,138,48,32,True,922
ECDH-P256,0.03308302257210016,0.11966610327363014,0.01625006552785635,0.1359161688014865,91,138,48,32,True,923
ECDH-P256,0.033125048503279686,0.12033397797495127,0.016750069335103035,0.1370840473100543,91,138,48,32,True,924
ECDH-P256,0.03641704097390175,0.12174993753433228,0.0160830095410347,0.13783294707536697,91,138,48,32,True,925
ECDH-P256,0.03316707443445921,0.11970801278948784,0.01604191493242979,0.13574992772191763,91,138,48,32,True,926
ECDH-P256,0.03299990203231573,0.11958309914916754,0.016000005416572094,0.13558310456573963,91,138,48,32,True,927
ECDH-P256,0.03291701432317495,0.122416066005826,0.016958918422460556,0.13937498442828655,91,138,48,32,True,928
ECDH-P256,0.033458112739026546,0.1216670498251915,0.01595797948539257,0.13762502931058407,91,138,48,32,True,929
ECDH-P256,0.034791999496519566,0.12041605077683926,0.028999987989664078,0.14941603876650333,91,138,48,32,True,930
ECDH-P256,0.036082929000258446,0.12779200915247202,0.018417020328342915,0.14620902948081493,91,138,48,32,True,931
ECDH-P256,0.04025001544505358,0.12462504673749208,0.01954101026058197,0.14416605699807405,91,138,48,32,True,932
ECDH-P256,0.03629096318036318,0.12366694863885641,0.017124926671385765,0.14079187531024218,91,138,48,32,True,933
ECDH-P256,0.035708071663975716,0.12337509542703629,0.01691700890660286,0.14029210433363914,91,138,48,32,True,934
ECDH-P256,0.03474997356534004,0.12333400081843138,0.016625039279460907,0.13995904009789228,91,138,48,32,True,935
ECDH-P256,0.03458303399384022,0.12558302842080593,0.01691700890660286,0.1425000373274088,91,138,48,32,True,936
ECDH-P256,0.03712496254593134,0.1296249683946371,0.017332960851490498,0.1469579292461276,91,138,48,32,True,937
ECDH-P256,0.0363329891115427,0.16929209232330322,0.022083986550569534,0.19137607887387276,91,138,48,32,True,938
ECDH-P256,0.03424996975809336,0.11999998241662979,0.016083940863609314,0.1360839232802391,91,138,48,32,True,939
ECDH-P256,0.033084070309996605,0.11966691818088293,0.016083940863609314,0.13575085904449224,91,138,48,32,True,940
ECDH-P256,0.03324996214359999,0.16562500968575478,0.051292008720338345,0.21691701840609312,91,138,48,32,True,941
ECDH-P256,0.04358391743153334,0.1549581065773964,0.021249987185001373,0.17620809376239777,91,138,48,32,True,942
ECDH-P256,0.03516604192554951,0.12354203499853611,0.016749952919781208,0.14029198791831732,91,138,48,32,True,943
ECDH-P256,0.03458291757851839,0.11987506877630949,0.016417005099356174,0.13629207387566566,91,138,48,32,True,944
ECDH-P256,0.033041927963495255,0.11966703459620476,0.01608405727893114,0.1357510918751359,91,138,48,32,True,945
ECDH-P256,0.03333296626806259,0.11962500866502523,0.016000005416572094,0.13562501408159733,91,138,48,32,True,946
ECDH-P256,0.03287510480731726,0.11970801278948784,0.016040983609855175,0.135748996399343,91,138,48,32,True,947
ECDH-P256,0.03304099664092064,0.11966691818088293,0.015958910807967186,0.13562582898885012,91,138,48,32,True,948
ECDH-P256,0.033250078558921814,0.1194999786093831,0.016042031347751617,0.13554200995713472,91,138,48,32,True,949
ECDH-P256,0.032957992516458035,0.11966598685830832,0.01591700129210949,0.1355829881504178,91,138,48,32,True,950
ECDH-P256,0.03300001844763756,0.11962500866502523,0.016000005416572094,0.13562501408159733,91,138,48,32,True,951
ECDH-P256,0.03295892383903265,0.11962500866502523,0.01595797948539257,0.1355829881504178,91,138,48,32,True,952
ECDH-P256,0.03300001844763756,0.1194999786093831,0.015959027223289013,0.13545900583267212,91,138,48,32,True,953
ECDH-P256,0.032791984267532825,0.11970801278948784,0.016000005416572094,0.13570801820605993,91,138,48,32,True,954
ECDH-P256,0.03304099664092064,0.1194169744849205,0.015874975360929966,0.13529194984585047,91,138,48,32,True,955
ECDH-P256,0.03287498839199543,0.11962500866502523,0.01583306584507227,0.1354580745100975,91,138,48,32,True,956
ECDH-P256,0.03300001844763756,0.11962500866502523,0.01579197123646736,0.1354169799014926,91,138,48,32,True,957
ECDH-P256,0.033207936212420464,0.11970801278948784,0.01579197123646736,0.1354999840259552,91,138,48,32,True,958
ECDH-P256,0.03308302257210016,0.11966691818088293,0.01604191493242979,0.13570883311331272,91,138,48,32,True,959
ECDH-P256,0.033125048503279686,0.12229091953486204,0.017625046893954277,0.13991596642881632,91,138,48,32,True,960
ECDH-P256,0.035415985621511936,0.12333295308053493,0.01637497916817665,0.13970793224871159,91,138,48,32,True,961
ECDH-P256,0.03333296626806259,0.11954095680266619,0.016000005416572094,0.13554096221923828,91,138,48,32,True,962
ECDH-P256,0.033041927963495255,0.11983397416770458,0.016291975043714046,0.13612594921141863,91,138,48,32,True,963
ECDH-P256,0.03320805262774229,0.12250000145286322,0.016083940863609314,0.13858394231647253,91,138,48,32,True,964
ECDH-P256,0.03291701432317495,0.11954095680266619,0.015874975360929966,0.13541593216359615,91,138,48,32,True,965
ECDH-P256,0.03324996214359999,0.11970906052738428,0.01616694498807192,0.1358760055154562,91,138,48,32,True,966
ECDH-P256,0.03295904025435448,0.11979206465184689,0.01591700129210949,0.13570906594395638,91,138,48,32,True,967
ECDH-P256,0.03287510480731726,0.11945806909352541,0.01604191493242979,0.1354999840259552,91,138,48,32,True,968
ECDH-P256,0.033374992199242115,0.12254191096872091,0.016042031347751617,0.13858394231647253,91,138,48,32,True,969
ECDH-P256,0.03291701432317495,0.11945795267820358,0.016040983609855175,0.13549893628805876,91,138,48,32,True,970
ECDH-P256,0.03291701432317495,0.11954200454056263,0.01595797948539257,0.1354999840259552,91,138,48,32,True,971
ECDH-P256,0.03300001844763756,0.11983304284512997,0.0160830095410347,0.13591605238616467,91,138,48,32,True,972
ECDH-P256,0.0327499583363533,0.11966703459620476,0.016249949112534523,0.13591698370873928,91,138,48,32,True,973
ECDH-P256,0.033125048503279686,0.11958298273384571,0.015749945305287838,0.13533292803913355,91,138,48,32,True,974
ECDH-P256,0.03291701432317495,0.11937494855374098,0.015916069969534874,0.13529101852327585,91,138,48,32,True,975
ECDH-P256,0.03295904025435448,0.1193750649690628,0.01591700129210949,0.1352920662611723,91,138,48,32,True,976
ECDH-P256,0.032957992516458035,0.11945795267820358,0.015832949429750443,0.13529090210795403,91,138,48,32,True,977
ECDH-P256,0.03308302257210016,0.11937494855374098,0.016040983609855175,0.13541593216359615,91,138,48,32,True,978
ECDH-P256,0.03291701432317495,0.11937494855374098,0.01595797948539257,0.13533292803913355,91,138,48,32,True,979
ECDH-P256,0.03295904025435448,0.11962500866502523,0.01579197123646736,0.1354169799014926,91,138,48,32,True,980
ECDH-P256,0.03308302257210016,0.11933292262256145,0.01591700129210949,0.13524992391467094,91,138,48,32,True,981
ECDH-P256,0.032957992516458035,0.11970801278948784,0.015875091776251793,0.13558310456573963,91,138,48,32,True,982
ECDH-P256,0.03324996214359999,0.11958309914916754,0.015833997167646885,0.13541709631681442,91,138,48,32,True,983
ECDH-P256,0.03287498839199543,0.12245902325958014,0.015874975360929966,0.1383339986205101,91,138,48,32,True,984
ECDH-P256,0.03287498839199543,0.11987495236098766,0.01625006552785635,0.136125017888844,91,138,48,32,True,985
ECDH-P256,0.03291701432317495,0.11933303903788328,0.01595797948539257,0.13529101852327585,91,138,48,32,True,986
ECDH-P256,0.03300001844763756,0.11983397416770458,0.015959027223289013,0.1357930013909936,91,138,48,32,True,987
ECDH-P256,0.03329198807477951,0.1194999786093831,0.016125035472214222,0.13562501408159733,91,138,48,32,True,988
ECDH-P256,0.032791984267532825,0.1194999786093831,0.01595797948539257,0.13545795809477568,91,138,48,32,True,989
ECDH-P256,0.03324996214359999,0.11958298273384571,0.01595797948539257,0.13554096221923828,91,138,48,32,True,990
ECDH-P256,0.03345799632370472,0.11937494855374098,0.017290934920310974,0.13666588347405195,91,138,48,32,True,991
ECDH-P256,0.03287498839199543,0.11970801278948784,0.01591700129210949,0.13562501408159733,91,138,48,32,True,992
ECDH-P256,0.03324996214359999,0.11941709090024233,0.016040983609855175,0.1354580745100975,91,138,48,32,True,993
ECDH-P256,0.03300001844763756,0.11962500866502523,0.01591700129210949,0.13554200995713472,91,138,48,32,True,994
ECDH-P256,0.08604105096310377,0.1402499619871378,0.04770909436047077,0.18795905634760857,91,138,48,32,True,995
ECDH-P256,0.041624996811151505,0.120542012155056,0.018083956092596054,0.13862596824765205,91,138,48,32,True,996
ECDH-P256,0.03650004509836435,0.11999998241662979,0.016707926988601685,0.13670790940523148,91,138,48,32,True,997
ECDH-P256,0.03320805262774229,0.11974992230534554,0.016666948795318604,0.13641687110066414,91,138,48,32,True,998
ECDH-P256,0.03316591028124094,0.11975003872066736,0.01650000922381878,0.13625004794448614,91,138,48,32,True,999
ECDH-P256,0.03304099664092064,0.12141698971390724,0.017291982658207417,0.13870897237211466,91,138,48,32,True,1000
