algorithm,key_generation_ms,encapsulation_ms,decapsulation_ms,exchange_ms,public_key_size,private_key_size,ciphertext_size,shared_secret_size,success,iteration
ML-KEM-768,1.0817499132826924,0.9530419483780861,1.5356659423559904,2.4887078907340765,1184,2400,1088,32,True,1
ML-KEM-768,0.23141701240092516,0.32962497789412737,0.4344580229371786,0.764083000831306,1184,2400,1088,32,True,2
ML-KEM-768,1.9083749502897263,0.3987500676885247,0.5559579003602266,0.9547079680487514,1184,2400,1088,32,True,3
ML-KEM-768,0.4076249897480011,0.32074993941932917,0.4391249967738986,0.7598749361932278,1184,2400,1088,32,True,4
ML-KEM-768,0.21670793648809195,0.31150004360824823,0.37174997851252556,0.6832500221207738,1184,2400,1088,32,True,5
ML-KEM-768,0.21774997003376484,0.31229096930474043,0.43158303014934063,0.7438739994540811,1184,2400,1088,32,True,6
ML-KEM-768,0.22087502293288708,0.31166698317974806,0.3751249751076102,0.6867919582873583,1184,2400,1088,32,True,7
ML-KEM-768,0.2163329627364874,0.3732499899342656,0.6941249594092369,1.0673749493435025,1184,2400,1088,32,True,8
ML-KEM-768,0.22741605062037706,0.31387503258883953,0.3535000141710043,0.6673750467598438,1184,2400,1088,32,True,9
ML-KEM-768,0.2038750099018216,0.29216695111244917,0.3499590093269944,0.6421259604394436,1184,2400,1088,32,True,10
ML-KEM-768,0.20345894154161215,0.5180420121178031,0.4707910120487213,0.9888330241665244,1184,2400,1088,32,True,11
ML-KEM-768,0.23091607727110386,0.3101250622421503,0.36470789927989244,0.6748329615220428,1184,2400,1088,32,True,12
ML-KEM-768,0.21058297716081142,0.31162495724856853,0.37820800207555294,0.6898329593241215,1184,2400,1088,32,True,13
ML-KEM-768,0.21433294750750065,0.4397080047056079,0.3742090193554759,0.8139170240610838,1184,2400,1088,32,True,14
ML-KEM-768,0.20104192662984133,0.30575005803257227,0.36041694693267345,0.6661670049652457,1184,2400,1088,32,True,15
ML-KEM-768,0.3123750211670995,0.30791701283305883,0.363666913472116,0.6715839263051748,1184,2400,1088,32,True,16
ML-KEM-768,0.20574999507516623,0.4333329852670431,2.2861670004203916,2.7194999856874347,1184,2400,1088,32,True,17
ML-KEM-768,0.5015000933781266,0.9272909956052899,1.215082942508161,2.142373938113451,1184,2400,1088,32,True,18
ML-KEM-768,0.6395420059561729,0.8314999286085367,0.6993330316618085,1.5308329602703452,1184,2400,1088,32,True,19
ML-KEM-768,0.24887500330805779,0.4058750346302986,0.49229105934500694,0.8981660939753056,1184,2400,1088,32,True,20
ML-KEM-768,0.22287503816187382,0.31262508127838373,0.37333404179662466,0.6859591230750084,1184,2400,1088,32,True,21
ML-KEM-768,0.21308299619704485,0.30566705390810966,0.36874995566904545,0.6744170095771551,1184,2400,1088,32,True,22
ML-KEM-768,0.2124159364029765,0.35745801869779825,0.39499998092651367,0.7524579996243119,1184,2400,1088,32,True,23
ML-KEM-768,0.24349999148398638,0.33316691406071186,0.456875073723495,0.7900419877842069,1184,2400,1088,32,True,24
ML-KEM-768,0.22249994799494743,0.3108750097453594,0.3707919968292117,0.6816670065745711,1184,2400,1088,32,True,25
ML-KEM-768,0.21487497724592686,0.3070830134674907,0.3684170078486204,0.6755000213161111,1184,2400,1088,32,True,26
ML-KEM-768,0.21429196931421757,0.30883296858519316,0.367332948371768,0.6761659169569612,1184,2400,1088,32,True,27
ML-KEM-768,0.21437497343868017,0.3059590235352516,0.3802499268203974,0.686208950355649,1184,2400,1088,32,True,28
ML-KEM-768,0.25458389427512884,0.32195798121392727,0.37104205694049597,0.6930000381544232,1184,2400,1088,32,True,29
ML-KEM-768,0.20883302204310894,0.2970000496134162,0.3566660452634096,0.6536660948768258,1184,2400,1088,32,True,30
ML-KEM-768,0.20566699095070362,0.2963339211419225,0.3557089949026704,0.6520429160445929,1184,2400,1088,32,True,31
ML-KEM-768,0.21120801102370024,0.3084160853177309,0.3634580643847585,0.6718741497024894,1184,2400,1088,32,True,32
ML-KEM-768,0.21412502974271774,0.42162497993558645,0.39491697680205107,0.8165419567376375,1184,2400,1088,32,True,33
ML-KEM-768,0.21525006741285324,0.35516603384166956,0.36879198160022497,0.7239580154418945,1184,2400,1088,32,True,34
ML-KEM-768,0.20662497263401747,0.2962920116260648,0.35662506707012653,0.6529170786961913,1184,2400,1088,32,True,35
ML-KEM-768,0.2044999273493886,0.29491703025996685,0.35416707396507263,0.6490841042250395,1184,2400,1088,32,True,36
ML-KEM-768,0.20458304788917303,0.2942909486591816,0.36629196256399155,0.6605829112231731,1184,2400,1088,32,True,37
ML-KEM-768,0.21312502212822437,0.3073749830946326,0.5732499994337559,0.8806249825283885,1184,2400,1088,32,True,38
ML-KEM-768,0.4053330048918724,0.3210419090464711,0.40666700806468725,0.7277089171111584,1184,2400,1088,32,True,39
ML-KEM-768,0.22124999668449163,0.3891669912263751,0.47316704876720905,0.8623340399935842,1184,2400,1088,32,True,40
ML-KEM-768,0.22079201880842447,0.3666250267997384,0.3684170078486204,0.7350420346483588,1184,2400,1088,32,True,41
ML-KEM-768,0.21716603077948093,0.35029195714741945,0.3887079656124115,0.738999922759831,1184,2400,1088,32,True,42
ML-KEM-768,0.2202920150011778,0.3107090014964342,0.3676250344142318,0.678334035910666,1184,2400,1088,32,True,43
ML-KEM-768,0.20970904733985662,0.301833963021636,0.39075000677257776,0.6925839697942138,1184,2400,1088,32,True,44
ML-KEM-768,0.284082954749465,0.3412499791011214,0.4208330065011978,0.7620829856023192,1184,2400,1088,32,True,45
ML-KEM-768,0.21679094061255455,0.3073749830946326,0.3999159671366215,0.7072909502312541,1184,2400,1088,32,True,46
ML-KEM-768,0.21741597447544336,0.3084170166403055,0.36579195875674486,0.6742089753970504,1184,2400,1088,32,True,47
ML-KEM-768,0.20700006280094385,0.2960000419989228,0.3553749993443489,0.6513750413432717,1184,2400,1088,32,True,48
ML-KEM-768,0.20762509666383266,0.30266609974205494,0.3647090634331107,0.6673751631751657,1184,2400,1088,32,True,49
ML-KEM-768,0.23433298338204622,0.31625002156943083,0.36149995867162943,0.6777499802410603,1184,2400,1088,32,True,50
ML-KEM-768,0.21654204465448856,0.3086249344050884,0.35787501838058233,0.6664999527856708,1184,2400,1088,32,True,51
ML-KEM-768,0.20725000649690628,0.29812497086822987,0.36808394361287355,0.6662089144811034,1184,2400,1088,32,True,52
ML-KEM-768,0.2114999806508422,0.3004589816555381,0.3688749857246876,0.6693339673802257,1184,2400,1088,32,True,53
ML-KEM-768,0.20825001411139965,0.30095805414021015,0.35841704811900854,0.6593751022592187,1184,2400,1088,32,True,54
ML-KEM-768,0.21029205527156591,0.30554202385246754,0.46808295883238316,0.7736249826848507,1184,2400,1088,32,True,55
ML-KEM-768,0.2204589545726776,0.38837501779198647,0.3638329217210412,0.7522079395130277,1184,2400,1088,32,True,56
ML-KEM-768,0.20083296112716198,0.28549996204674244,0.34479203168302774,0.6302919937297702,1184,2400,1088,32,True,57
ML-KEM-768,0.1960420049726963,0.2883749548345804,0.3469170769676566,0.635292031802237,1184,2400,1088,32,True,58
ML-KEM-768,0.2003329573199153,0.28662499971687794,0.3435419639572501,0.6301669636741281,1184,2400,1088,32,True,59
ML-KEM-768,0.19816705025732517,0.2881669206544757,0.34258305095136166,0.6307499716058373,1184,2400,1088,32,True,60
ML-KEM-768,0.198333989828825,0.28491695411503315,0.34258305095136166,0.6275000050663948,1184,2400,1088,32,True,61
ML-KEM-768,0.20074995700269938,0.2836249768733978,0.3404580056667328,0.6240829825401306,1184,2400,1088,32,True,62
ML-KEM-768,0.1974579645320773,0.28470903635025024,0.34262496046721935,0.6273339968174696,1184,2400,1088,32,True,63
ML-KEM-768,0.20083400886505842,0.28479204047471285,0.34262496046721935,0.6274170009419322,1184,2400,1088,32,True,64
ML-KEM-768,0.197333050891757,0.28379110153764486,0.34145801328122616,0.625249114818871,1184,2400,1088,32,True,65
ML-KEM-768,0.19766599871218204,0.29091699980199337,0.3421250730752945,0.6330420728772879,1184,2400,1088,32,True,66
ML-KEM-768,0.19770790822803974,0.2870829775929451,0.34491601400077343,0.6319989915937185,1184,2400,1088,32,True,67
ML-KEM-768,0.19987497944384813,0.40849996730685234,0.40554197039455175,0.8140419377014041,1184,2400,1088,32,True,68
ML-KEM-768,0.22725004237145185,0.35179092083126307,0.3637910122051835,0.7155819330364466,1184,2400,1088,32,True,69
ML-KEM-768,0.21033291704952717,0.29983301647007465,0.3647500416263938,0.6645830580964684,1184,2400,1088,32,True,70
ML-KEM-768,0.2275829901918769,0.30608405359089375,0.3607500111684203,0.6668340647593141,1184,2400,1088,32,True,71
ML-KEM-768,0.21054199896752834,0.2986670006066561,0.3571669803932309,0.655833980999887,1184,2400,1088,32,True,72
ML-KEM-768,0.20620902068912983,0.29283296316862106,0.35687501076608896,0.64970797393471,1184,2400,1088,32,True,73
ML-KEM-768,0.20949996542185545,0.29779202304780483,0.3798330435529351,0.67762506660074,1184,2400,1088,32,True,74
ML-KEM-768,0.2073750365525484,0.3548329696059227,0.4094579489901662,0.7642909185960889,1184,2400,1088,32,True,75
ML-KEM-768,0.22808299399912357,0.3059169976040721,0.35858398769050837,0.6645009852945805,1184,2400,1088,32,True,76
ML-KEM-768,0.19925006199628115,0.28733303770422935,0.3519159508869052,0.6392489885911345,1184,2400,1088,32,True,77
ML-KEM-768,0.19720906857401133,0.2851668978109956,0.3457919228821993,0.6309588206931949,1184,2400,1088,32,True,78
ML-KEM-768,0.19558402709662914,0.2957920078188181,0.36333303432911634,0.6591250421479344,1184,2400,1088,32,True,79
ML-KEM-768,0.30620803590863943,0.3024169709533453,0.3475419944152236,0.6499589653685689,1184,2400,1088,32,True,80
ML-KEM-768,0.20062504336237907,0.2894999925047159,0.343875028192997,0.6333750206977129,1184,2400,1088,32,True,81
ML-KEM-768,0.20245800260454416,0.2882080152630806,0.3432920202612877,0.6315000355243683,1184,2400,1088,32,True,82
ML-KEM-768,0.1990000018849969,0.2890840405598283,0.34479203168302774,0.633876072242856,1184,2400,1088,32,True,83
ML-KEM-768,0.1990000018849969,0.28904201462864876,0.3434580285102129,0.6325000431388617,1184,2400,1088,32,True,84
ML-KEM-768,0.1983750844374299,0.2874999772757292,0.34295895602554083,0.63045893330127,1184,2400,1088,32,True,85
ML-KEM-768,0.1990830060094595,0.28604199178516865,0.34316699020564556,0.6292089819908142,1184,2400,1088,32,True,86
ML-KEM-768,0.1996250357478857,0.2859999658539891,0.34200004301965237,0.6280000088736415,1184,2400,1088,32,True,87
ML-KEM-768,0.20866701379418373,0.28837507124990225,0.34529203549027443,0.6336671067401767,1184,2400,1088,32,True,88
ML-KEM-768,0.20050001330673695,0.2920840634033084,0.34374999813735485,0.6358340615406632,1184,2400,1088,32,True,89
ML-KEM-768,0.19858404994010925,0.28612499590963125,0.34858298022300005,0.6347079761326313,1184,2400,1088,32,True,90
ML-KEM-768,0.20045798737555742,0.28612499590963125,0.39891700726002455,0.6850420031696558,1184,2400,1088,32,True,91
ML-KEM-768,0.2506660530343652,0.31766691245138645,0.3973341081291437,0.7150010205805302,1184,2400,1088,32,True,92
ML-KEM-768,0.21495798137038946,0.3042080206796527,0.4077500198036432,0.7119580404832959,1184,2400,1088,32,True,93
ML-KEM-768,0.20825001411139965,0.31183299142867327,0.44241698924452066,0.7542499806731939,1184,2400,1088,32,True,94
ML-KEM-768,0.20841695368289948,0.29012502636760473,0.3464169567450881,0.6365419831126928,1184,2400,1088,32,True,95
ML-KEM-768,0.19950000569224358,0.2889588940888643,0.35433401353657246,0.6432929076254368,1184,2400,1088,32,True,96
ML-KEM-768,0.2001250395551324,0.28662499971687794,0.3434999380260706,0.6301249377429485,1184,2400,1088,32,True,97
ML-KEM-768,0.1990830060094595,0.2886250149458647,0.3493749536573887,0.6379999686032534,1184,2400,1088,32,True,98
ML-KEM-768,0.1991660101339221,0.28591707814484835,0.34245895221829414,0.6283760303631425,1184,2400,1088,32,True,99
ML-KEM-768,0.20070804748684168,0.28654199559241533,0.3437920240685344,0.6303340196609497,1184,2400,1088,32,True,100
ML-KEM-768,0.20204205065965652,0.28945901431143284,0.34316699020564556,0.6326260045170784,1184,2400,1088,32,True,101
ML-KEM-768,0.1986249117180705,0.2854591002687812,0.34733396023511887,0.6327930605039,1184,2400,1088,32,True,102
ML-KEM-768,0.19958300981670618,0.370291993021965,0.3932500258088112,0.7635420188307762,1184,2400,1088,32,True,103
ML-KEM-768,0.232374994084239,0.33437495585530996,0.364916049875319,0.699291005730629,1184,2400,1088,32,True,104
ML-KEM-768,0.20754104480147362,0.297082937322557,0.36204198841005564,0.6591249257326126,1184,2400,1088,32,True,105
ML-KEM-768,0.2525000600144267,0.3161249915137887,0.3497079014778137,0.6658328929916024,1184,2400,1088,32,True,106
ML-KEM-768,0.19912503194063902,0.28666702564805746,0.3619579365476966,0.648624962195754,1184,2400,1088,32,True,107
ML-KEM-768,0.20712497644126415,0.28804095927625895,0.3475419944152236,0.6355829536914825,1184,2400,1088,32,True,108
ML-KEM-768,0.19937509205192327,0.2970410278066993,0.3440419677644968,0.6410829955711961,1184,2400,1088,32,True,109
ML-KEM-768,0.2001250395551324,0.2851249882951379,0.3477910067886114,0.6329159950837493,1184,2400,1088,32,True,110
ML-KEM-768,0.20479189697653055,0.2871250035241246,0.35491702146828175,0.6420420249924064,1184,2400,1088,32,True,111
ML-KEM-768,0.19937497563660145,0.2862089313566685,0.3499590093269944,0.6361679406836629,1184,2400,1088,32,True,112
ML-KEM-768,0.19870803225785494,0.2890409668907523,0.3441249718889594,0.6331659387797117,1184,2400,1088,32,True,113
ML-KEM-768,0.20008301362395287,0.2912919735535979,0.4776670830324292,0.7689590565860271,1184,2400,1088,32,True,114
ML-KEM-768,0.20254100672900677,0.2946670865640044,0.34308398608118296,0.6377510726451874,1184,2400,1088,32,True,115
ML-KEM-768,0.1985409762710333,0.2886670408770442,0.34166593104600906,0.6303329719230533,1184,2400,1088,32,True,116
ML-KEM-768,0.19870896358042955,0.2850000746548176,0.34295895602554083,0.6279590306803584,1184,2400,1088,32,True,117
ML-KEM-768,0.19875005818903446,0.28533395379781723,0.3458750434219837,0.631208997219801,1184,2400,1088,32,True,118
ML-KEM-768,0.19879103638231754,0.2870000898838043,0.3435410326346755,0.6305411225184798,1184,2400,1088,32,True,119
ML-KEM-768,0.1980409724637866,0.28858298901468515,0.34550006967037916,0.6340830586850643,1184,2400,1088,32,True,120
ML-KEM-768,0.20237499848008156,0.28549996204674244,0.351125025190413,0.6366249872371554,1184,2400,1088,32,True,121
ML-KEM-768,0.199749949388206,0.28641708195209503,0.3463330212980509,0.6327501032501459,1184,2400,1088,32,True,122
ML-KEM-768,0.20308408420532942,0.2881669206544757,0.3429159987717867,0.6310829194262624,1184,2400,1088,32,True,123
ML-KEM-768,0.20233297254890203,0.2893330529332161,0.34245802089571953,0.6317910738289356,1184,2400,1088,32,True,124
ML-KEM-768,0.1989590236917138,0.28525001835078,0.3426669863983989,0.6279170047491789,1184,2400,1088,32,True,125
ML-KEM-768,0.19958300981670618,0.2882909029722214,0.42316701728850603,0.7114579202607274,1184,2400,1088,32,True,126
ML-KEM-768,0.24204200599342585,0.306959031149745,0.361250014975667,0.668209046125412,1184,2400,1088,32,True,127
ML-KEM-768,0.2038329839706421,0.29804196674376726,0.36295794416218996,0.6609999109059572,1184,2400,1088,32,True,128
ML-KEM-768,0.20962499547749758,0.29745791107416153,0.35075005143880844,0.64820796251297,1184,2400,1088,32,True,129
ML-KEM-768,0.2115829847753048,0.2905000001192093,0.34775002859532833,0.6382500287145376,1184,2400,1088,32,True,130
ML-KEM-768,0.27362501714378595,0.3070830134674907,0.35691692028194666,0.6639999337494373,1184,2400,1088,32,True,131
ML-KEM-768,0.20366592798382044,0.33829198218882084,0.3623339580371976,0.7006259402260184,1184,2400,1088,32,True,132
ML-KEM-768,0.20208291243761778,0.3053330583497882,0.3767500165849924,0.6820830749347806,1184,2400,1088,32,True,133
ML-KEM-768,0.2035840880125761,0.2907499438151717,0.35095796920359135,0.6417079130187631,1184,2400,1088,32,True,134
ML-KEM-768,0.19883399363607168,0.29020896181464195,0.366375083103776,0.6565840449184179,1184,2400,1088,32,True,135
ML-KEM-768,0.20358292385935783,0.29020803049206734,0.35924999974668026,0.6494580302387476,1184,2400,1088,32,True,136
ML-KEM-768,0.26691704988479614,0.31908403616398573,0.38112502079457045,0.7002090569585562,1184,2400,1088,32,True,137
ML-KEM-768,0.21983403712511063,0.30383304692804813,0.3576250746846199,0.661458121612668,1184,2400,1088,32,True,138
ML-KEM-768,0.20249991212040186,0.29787502717226744,0.3545420477166772,0.6524170748889446,1184,2400,1088,32,True,139
ML-KEM-768,0.20899996161460876,0.30229100957512856,0.3558750031515956,0.6581660127267241,1184,2400,1088,32,True,140
ML-KEM-768,0.2043750137090683,0.29558397363871336,0.35895907785743475,0.6545430514961481,1184,2400,1088,32,True,141
ML-KEM-768,0.3119170432910323,0.29920809902250767,0.3500829916447401,0.6492910906672478,1184,2400,1088,32,True,142
ML-KEM-768,0.19812490791082382,0.2852079924196005,0.3441249718889594,0.6293329643085599,1184,2400,1088,32,True,143
ML-KEM-768,0.19995798356831074,0.28449995443224907,0.34279096871614456,0.6272909231483936,1184,2400,1088,32,True,144
ML-KEM-768,0.1984999980777502,0.285874935798347,0.34333299845457077,0.6292079342529178,1184,2400,1088,32,True,145
ML-KEM-768,0.19804202020168304,0.28370798099786043,0.3415419487282634,0.6252499297261238,1184,2400,1088,32,True,146
ML-KEM-768,0.19804202020168304,0.28491602279245853,0.3417499829083681,0.6266660057008266,1184,2400,1088,32,True,147
ML-KEM-768,0.20091701298952103,0.2848749281838536,0.34245802089571953,0.6273329490795732,1184,2400,1088,32,True,148
ML-KEM-768,0.1977919600903988,0.2869999734684825,0.3419590648263693,0.6289590382948518,1184,2400,1088,32,True,149
ML-KEM-768,0.19812502432614565,0.2855840139091015,0.342792016454041,0.6283760303631425,1184,2400,1088,32,True,150
ML-KEM-768,0.1984999980777502,0.2859999658539891,0.3426669863983989,0.628666952252388,1184,2400,1088,32,True,151
ML-KEM-768,0.19829103257507086,0.2848749281838536,0.3417499829083681,0.6266249110922217,1184,2400,1088,32,True,152
ML-KEM-768,0.2002910478040576,0.2852079924196005,0.38716697599738836,0.6723749684169888,1184,2400,1088,32,True,153
ML-KEM-768,0.25520799681544304,0.3203749656677246,0.3664999967440963,0.6868749624118209,1184,2400,1088,32,True,154
ML-KEM-768,0.20308292005211115,0.2856670180335641,0.41037495248019695,0.696041970513761,1184,2400,1088,32,True,155
ML-KEM-768,0.19708299078047276,0.2921250415965915,0.3629999700933695,0.655125011689961,1184,2400,1088,32,True,156
ML-KEM-768,0.19887497182935476,0.2965419553220272,0.3565410152077675,0.6530829705297947,1184,2400,1088,32,True,157
ML-KEM-768,0.20566699095070362,0.31774991657584906,0.3717920044437051,0.6895419210195541,1184,2400,1088,32,True,158
ML-KEM-768,0.20883395336568356,0.29662507586181164,0.3465829649940133,0.643208040855825,1184,2400,1088,32,True,159
ML-KEM-768,0.19920896738767624,0.3231670707464218,0.35516603384166956,0.6783331045880914,1184,2400,1088,32,True,160
ML-KEM-768,0.1990000018849969,0.2924170112237334,0.40487502701580524,0.6972920382395387,1184,2400,1088,32,True,161
ML-KEM-768,0.20275008864700794,0.28654199559241533,0.3439169377088547,0.63045893330127,1184,2400,1088,32,True,162
ML-KEM-768,0.19816600251942873,0.2857500221580267,0.3427080810070038,0.6284581031650305,1184,2400,1088,32,True,163
ML-KEM-768,0.20237499848008156,0.2916670637205243,0.3462920431047678,0.6379591068252921,1184,2400,1088,32,True,164
ML-KEM-768,0.19754201639443636,0.3421669825911522,0.39712502621114254,0.7392920088022947,1184,2400,1088,32,True,165
ML-KEM-768,0.21525006741285324,0.29320805333554745,0.3524579806253314,0.6456660339608788,1184,2400,1088,32,True,166
ML-KEM-768,0.20341703202575445,0.300833024084568,0.41145808063447475,0.7122911047190428,1184,2400,1088,32,True,167
ML-KEM-768,0.2097500255331397,0.2900830004364252,0.35258301068097353,0.6426660111173987,1184,2400,1088,32,True,168
ML-KEM-768,0.19920803606510162,0.295999925583601,0.3552500857040286,0.6512500112876296,1184,2400,1088,32,True,169
ML-KEM-768,0.19941595382988453,0.285874935798347,0.34487503580749035,0.6307499716058373,1184,2400,1088,32,True,170
ML-KEM-768,0.20716700237244368,0.2887089503929019,0.3426250768825412,0.6313340272754431,1184,2400,1088,32,True,171
ML-KEM-768,0.238916021771729,0.29200001154094934,0.3492919495329261,0.6412919610738754,1184,2400,1088,32,True,172
ML-KEM-768,0.20233297254890203,0.2912909258157015,0.3512919647619128,0.6425828905776143,1184,2400,1088,32,True,173
ML-KEM-768,0.20858296193182468,0.29270793311297894,0.3482080064713955,0.6409159395843744,1184,2400,1088,32,True,174
ML-KEM-768,0.20362494979053736,0.29379199258983135,0.3495418932288885,0.6433338858187199,1184,2400,1088,32,True,175
ML-KEM-768,0.19933294970542192,0.3072910476475954,0.3632499137893319,0.6705409614369273,1184,2400,1088,32,True,176
ML-KEM-768,0.21116691641509533,0.29370805714279413,0.3523750929161906,0.6460831500589848,1184,2400,1088,32,True,177
ML-KEM-768,0.20633300300687551,0.29499991796910763,0.35420898348093033,0.649208901450038,1184,2400,1088,32,True,178
ML-KEM-768,0.20791601855307817,0.30041695572435856,0.3527500666677952,0.6531670223921537,1184,2400,1088,32,True,179
ML-KEM-768,0.20454195328056812,0.43604103848338127,0.35099999513477087,0.7870410336181521,1184,2400,1088,32,True,180
ML-KEM-768,0.2015409991145134,0.28620800003409386,0.34970801789313555,0.6359160179272294,1184,2400,1088,32,True,181
ML-KEM-768,0.19954191520810127,0.28608390130102634,0.34416699782013893,0.6302508991211653,1184,2400,1088,32,True,182
ML-KEM-768,0.19762502051889896,0.28520904015749693,0.34604198299348354,0.6312510231509805,1184,2400,1088,32,True,183
ML-KEM-768,0.19875005818903446,0.2853329060599208,0.34308305475860834,0.6284159608185291,1184,2400,1088,32,True,184
ML-KEM-768,0.19820895977318287,0.28525001835078,0.34437503200024366,0.6296250503510237,1184,2400,1088,32,True,185
ML-KEM-768,0.19729090854525566,0.2844580449163914,0.3428329946473241,0.6272910395637155,1184,2400,1088,32,True,186
ML-KEM-768,0.19824993796646595,0.284082954749465,0.3415000392124057,0.6255829939618707,1184,2400,1088,32,True,187
ML-KEM-768,0.1974579645320773,0.2856670180335641,0.34300005063414574,0.6286670686677098,1184,2400,1088,32,True,188
ML-KEM-768,0.19799999427050352,0.2856251085177064,0.34304196015000343,0.6286670686677098,1184,2400,1088,32,True,189
ML-KEM-768,0.19716599490493536,0.28520904015749693,0.3433340461924672,0.6285430863499641,1184,2400,1088,32,True,190
ML-KEM-768,0.19754201639443636,0.2852919278666377,0.34279096871614456,0.6280828965827823,1184,2400,1088,32,True,191
ML-KEM-768,0.20045798737555742,0.38520805537700653,0.3495829878374934,0.7347910432145,1184,2400,1088,32,True,192
ML-KEM-768,0.2002499531954527,0.28804095927625895,0.3439580323174596,0.6319989915937185,1184,2400,1088,32,True,193
ML-KEM-768,0.2043750137090683,0.2894169883802533,0.3453328972682357,0.634749885648489,1184,2400,1088,32,True,194
ML-KEM-768,0.20525010768324137,0.2876250073313713,0.34129200503230095,0.6289170123636723,1184,2400,1088,32,True,195
ML-KEM-768,0.19774993415921926,0.28449995443224907,0.34179200883954763,0.6262919632717967,1184,2400,1088,32,True,196
ML-KEM-768,0.19829103257507086,0.2853749319911003,0.34320796839892864,0.628582900390029,1184,2400,1088,32,True,197
ML-KEM-768,0.1973749604076147,0.28641708195209503,0.34270796459168196,0.629125046543777,1184,2400,1088,32,True,198
ML-KEM-768,0.1961250090971589,0.28675002977252007,0.3427501069381833,0.6295001367107034,1184,2400,1088,32,True,199
ML-KEM-768,0.19800011068582535,0.28441695030778646,0.34200004301965237,0.6264169933274388,1184,2400,1088,32,True,200
ML-KEM-768,0.20249991212040186,0.2857500221580267,0.34383300226181746,0.6295830244198442,1184,2400,1088,32,True,201
ML-KEM-768,0.19720906857401133,0.29429199639707804,0.3430829383432865,0.6373749347403646,1184,2400,1088,32,True,202
ML-KEM-768,0.19741605501621962,0.28441695030778646,0.3422090085223317,0.6266259588301182,1184,2400,1088,32,True,203
ML-KEM-768,0.252624973654747,0.3777500241994858,0.3595419693738222,0.737291993573308,1184,2400,1088,32,True,204
ML-KEM-768,0.1996250357478857,0.3339169779792428,0.3535420401021838,0.6874590180814266,1184,2400,1088,32,True,205
ML-KEM-768,0.21008402109146118,0.29679201543331146,0.3464160254225135,0.643208040855825,1184,2400,1088,32,True,206
ML-KEM-768,0.20124996080994606,0.29266695491969585,0.37937506567686796,0.6720420205965638,1184,2400,1088,32,True,207
ML-KEM-768,0.22483302745968103,0.3047500504180789,0.3730830503627658,0.6778331007808447,1184,2400,1088,32,True,208
ML-KEM-768,0.2692081034183502,0.3021248849108815,0.34787505865097046,0.649999943561852,1184,2400,1088,32,True,209
ML-KEM-768,0.2138749696314335,0.29283296316862106,0.34849997609853745,0.6413329392671585,1184,2400,1088,32,True,210
ML-KEM-768,0.20124996080994606,0.2911250339820981,0.3517080331221223,0.6428330671042204,1184,2400,1088,32,True,211
ML-KEM-768,0.20220805890858173,0.29154110234230757,0.34666701685637236,0.6382081191986799,1184,2400,1088,32,True,212
ML-KEM-768,0.20070804748684168,0.3642500378191471,0.41674997191876173,0.7810000097379088,1184,2400,1088,32,True,213
ML-KEM-768,0.22479204926639795,0.2959159901365638,0.35349989775568247,0.6494158878922462,1184,2400,1088,32,True,214
ML-KEM-768,0.2387920394539833,0.34254102502018213,0.36162498872727156,0.7041660137474537,1184,2400,1088,32,True,215
ML-KEM-768,0.20700006280094385,0.29791693668812513,0.35920797381550074,0.6571249105036259,1184,2400,1088,32,True,216
ML-KEM-768,0.21783297415822744,0.3861660370603204,0.38491690065711737,0.7710829377174377,1184,2400,1088,32,True,217
ML-KEM-768,0.20337500609457493,0.2874169731512666,0.35008403938263655,0.6375010125339031,1184,2400,1088,32,True,218
ML-KEM-768,0.20154204685240984,0.2853330224752426,0.34491601400077343,0.630249036476016,1184,2400,1088,32,True,219
ML-KEM-768,0.1998329535126686,0.2852079924196005,0.34579099155962467,0.6309989839792252,1184,2400,1088,32,True,220
ML-KEM-768,0.19916589371860027,0.28487504459917545,0.34154101740568876,0.6264160620048642,1184,2400,1088,32,True,221
ML-KEM-768,0.19987509585916996,0.28600008226931095,0.34245802089571953,0.6284581031650305,1184,2400,1088,32,True,222
ML-KEM-768,0.19845901988446712,0.2850419841706753,0.34379097633063793,0.6288329605013132,1184,2400,1088,32,True,223
ML-KEM-768,0.19675004296004772,0.28387492056936026,0.3423329908400774,0.6262079114094377,1184,2400,1088,32,True,224
ML-KEM-768,0.19649998284876347,0.2851670142263174,0.343875028192997,0.6290420424193144,1184,2400,1088,32,True,225
ML-KEM-768,0.1968329306691885,0.28550007846206427,0.3436249680817127,0.629125046543777,1184,2400,1088,32,True,226
ML-KEM-768,0.2377500059083104,0.39416702929884195,0.3489160444587469,0.7430830737575889,1184,2400,1088,32,True,227
ML-KEM-768,0.2025420544669032,0.28654199559241533,0.36833295598626137,0.6548749515786767,1184,2400,1088,32,True,228
ML-KEM-768,0.23020908702164888,0.2877089427784085,0.4081249935552478,0.6958339363336563,1184,2400,1088,32,True,229
ML-KEM-768,0.21179206669330597,0.3202499356120825,0.3547499654814601,0.6749999010935426,1184,2400,1088,32,True,230
ML-KEM-768,0.2085419837385416,0.3017920535057783,0.3559159813448787,0.657708034850657,1184,2400,1088,32,True,231
ML-KEM-768,0.19966601394116879,0.28791697695851326,0.3428750205785036,0.6307919975370169,1184,2400,1088,32,True,232
ML-KEM-768,0.19779091235250235,0.2935420488938689,0.3505420172587037,0.6440840661525726,1184,2400,1088,32,True,233
ML-KEM-768,0.1985830022022128,0.3142500063404441,0.35308394581079483,0.6673339521512389,1184,2400,1088,32,True,234
ML-KEM-768,0.19841606263071299,0.28499995823949575,0.3436249680817127,0.6286249263212085,1184,2400,1088,32,True,235
ML-KEM-768,0.2187499776482582,0.2894999925047159,0.34333299845457077,0.6328329909592867,1184,2400,1088,32,True,236
ML-KEM-768,0.19824993796646595,0.2862090477719903,0.35075005143880844,0.6369590992107987,1184,2400,1088,32,True,237
ML-KEM-768,0.20045798737555742,0.3287500003352761,0.36812503822147846,0.6968750385567546,1184,2400,1088,32,True,238
ML-KEM-768,0.28200005181133747,0.30874996446073055,0.35616697277873755,0.6649169372394681,1184,2400,1088,32,True,239
ML-KEM-768,0.1978749642148614,0.2851249882951379,0.3424999304115772,0.6276249187067151,1184,2400,1088,32,True,240
ML-KEM-768,0.1990830060094595,0.2839170629158616,0.3445000620558858,0.6284171249717474,1184,2400,1088,32,True,241
ML-KEM-768,0.19741605501621962,0.2852079924196005,0.3455420956015587,0.6307500880211592,1184,2400,1088,32,True,242
ML-KEM-768,0.19791699014604092,0.2850840101018548,0.34258398227393627,0.6276679923757911,1184,2400,1088,32,True,243
ML-KEM-768,0.19933399744331837,0.2847909927368164,0.34129200503230095,0.6260829977691174,1184,2400,1088,32,True,244
ML-KEM-768,0.19987497944384813,0.28449995443224907,0.34300005063414574,0.6275000050663948,1184,2400,1088,32,True,245
ML-KEM-768,0.19762502051889896,0.28483301866799593,0.3422499867156148,0.6270830053836107,1184,2400,1088,32,True,246
ML-KEM-768,0.1979160588234663,0.28449995443224907,0.34316699020564556,0.6276669446378946,1184,2400,1088,32,True,247
ML-KEM-768,0.19833294209092855,0.28437504079192877,0.34729193430393934,0.6316669750958681,1184,2400,1088,32,True,248
ML-KEM-768,0.1978330546990037,0.28970802668482065,0.34795794636011124,0.6376659730449319,1184,2400,1088,32,True,249
ML-KEM-768,0.19866705406457186,0.28487504459917545,0.4817080916836858,0.7665831362828612,1184,2400,1088,32,True,250
ML-KEM-768,0.22220797836780548,0.29004202224314213,0.3505419008433819,0.640583923086524,1184,2400,1088,32,True,251
ML-KEM-768,0.20491599570959806,0.285874935798347,0.34491601400077343,0.6307909497991204,1184,2400,1088,32,True,252
ML-KEM-768,0.1976670464500785,0.3114169230684638,0.35329197999089956,0.6647089030593634,1184,2400,1088,32,True,253
ML-KEM-768,0.20195904653519392,0.29037497006356716,0.3546669613569975,0.6450419314205647,1184,2400,1088,32,True,254
ML-KEM-768,0.20037498325109482,0.2929579932242632,0.3462920431047678,0.639250036329031,1184,2400,1088,32,True,255
ML-KEM-768,0.19983400125056505,0.2874589990824461,0.3540419274941087,0.6415009265765548,1184,2400,1088,32,True,256
ML-KEM-768,0.19787508063018322,0.2859160304069519,0.34324999433010817,0.6291660247370601,1184,2400,1088,32,True,257
ML-KEM-768,0.19875005818903446,0.288125011138618,0.34254195634275675,0.6306669674813747,1184,2400,1088,32,True,258
ML-KEM-768,0.20454206969588995,0.3000829601660371,0.3677499480545521,0.6678329082205892,1184,2400,1088,32,True,259
ML-KEM-768,0.2037910744547844,0.287041999399662,0.3447089111432433,0.6317509105429053,1184,2400,1088,32,True,260
ML-KEM-768,0.20600005518645048,0.2941669663414359,0.34374999813735485,0.6379169644787908,1184,2400,1088,32,True,261
ML-KEM-768,0.19862502813339233,0.28795795515179634,0.3462500171735883,0.6342079723253846,1184,2400,1088,32,True,262
ML-KEM-768,0.20170793868601322,0.28966704849153757,0.35704101901501417,0.6467080675065517,1184,2400,1088,32,True,263
ML-KEM-768,0.2049589529633522,0.29812497086822987,0.34791696816682816,0.646041939035058,1184,2400,1088,32,True,264
ML-KEM-768,0.19937497563660145,0.28562499210238457,0.34433300606906414,0.6299579981714487,1184,2400,1088,32,True,265
ML-KEM-768,0.21195807494223118,0.2858330262824893,0.3426250768825412,0.6284581031650305,1184,2400,1088,32,True,266
ML-KEM-768,0.1978330546990037,0.2922499552369118,0.3433750243857503,0.6356249796226621,1184,2400,1088,32,True,267
ML-KEM-768,0.20462495740503073,0.3090000245720148,0.3446249756962061,0.6536250002682209,1184,2400,1088,32,True,268
ML-KEM-768,0.20541693083941936,0.4282500594854355,0.35083398688584566,0.7790840463712811,1184,2400,1088,32,True,269
ML-KEM-768,0.21391594782471657,0.2859999658539891,0.34541706554591656,0.6314170313999057,1184,2400,1088,32,True,270
ML-KEM-768,0.1979160588234663,0.28483301866799593,0.3416250692680478,0.6264580879360437,1184,2400,1088,32,True,271
ML-KEM-768,0.1984169939532876,0.28799998108297586,0.3463750472292304,0.6343750283122063,1184,2400,1088,32,True,272
ML-KEM-768,0.19904202781617641,0.28558296617120504,0.3427499905228615,0.6283329566940665,1184,2400,1088,32,True,273
ML-KEM-768,0.19879196770489216,0.285708112642169,0.34416699782013893,0.6298751104623079,1184,2400,1088,32,True,274
ML-KEM-768,0.19987509585916996,0.2912080381065607,0.34304196015000343,0.6342499982565641,1184,2400,1088,32,True,275
ML-KEM-768,0.19983400125056505,0.2873340854421258,0.3467920469120145,0.6341261323541403,1184,2400,1088,32,True,276
ML-KEM-768,0.20129105541855097,0.28799998108297586,0.34254102502018213,0.630541006103158,1184,2400,1088,32,True,277
ML-KEM-768,0.19924994558095932,0.28541707433760166,0.34199992660433054,0.6274170009419322,1184,2400,1088,32,True,278
ML-KEM-768,0.20208396017551422,0.2863750560209155,0.34370808862149715,0.6300831446424127,1184,2400,1088,32,True,279
ML-KEM-768,0.29854197055101395,0.347791938111186,0.3564170328900218,0.7042089710012078,1184,2400,1088,32,True,280
ML-KEM-768,0.1984999980777502,0.2888329327106476,0.34920801408588886,0.6380409467965364,1184,2400,1088,32,True,281
ML-KEM-768,0.20641705486923456,0.28904189821332693,0.3504999913275242,0.6395418895408511,1184,2400,1088,32,True,282
ML-KEM-768,0.20050001330673695,0.3001249860972166,0.352917006239295,0.6530419923365116,1184,2400,1088,32,True,283
ML-KEM-768,0.2026660367846489,0.2948329783976078,0.34195801708847284,0.6367909954860806,1184,2400,1088,32,True,284
ML-KEM-768,0.19737507682293653,0.2839999506250024,0.34254102502018213,0.6265409756451845,1184,2400,1088,32,True,285
ML-KEM-768,0.2255421131849289,0.298250000923872,0.35566603764891624,0.6539160385727882,1184,2400,1088,32,True,286
ML-KEM-768,0.20229199435561895,0.28541695792227983,0.38283399771898985,0.6682509556412697,1184,2400,1088,32,True,287
ML-KEM-768,0.19875005818903446,0.2842079848051071,0.37704198621213436,0.6612499710172415,1184,2400,1088,32,True,288
ML-KEM-768,0.2081659622490406,0.29258301947265863,0.3492500400170684,0.641833059489727,1184,2400,1088,32,True,289
ML-KEM-768,0.2044580178335309,0.28487504459917545,0.3429159987717867,0.6277910433709621,1184,2400,1088,32,True,290
ML-KEM-768,0.20129105541855097,0.28983294032514095,0.35741704050451517,0.6472499808296561,1184,2400,1088,32,True,291
ML-KEM-768,0.20025006961077452,0.29550003819167614,0.34779205452650785,0.643292092718184,1184,2400,1088,32,True,292
ML-KEM-768,0.20224996842443943,0.28691592160612345,0.34849997609853745,0.6354158977046609,1184,2400,1088,32,True,293
ML-KEM-768,0.2055000513792038,0.28612499590963125,0.3434580285102129,0.6295830244198442,1184,2400,1088,32,True,294
ML-KEM-768,0.20083400886505842,0.2859169617295265,0.34383300226181746,0.629749963991344,1184,2400,1088,32,True,295
ML-KEM-768,0.2038329839706421,0.2847500145435333,0.3429580247029662,0.6277080392464995,1184,2400,1088,32,True,296
ML-KEM-768,0.19841606263071299,0.2869169693440199,0.36041694693267345,0.6473339162766933,1184,2400,1088,32,True,297
ML-KEM-768,0.19795808475464582,0.30258309561759233,0.3744160057976842,0.6769991014152765,1184,2400,1088,32,True,298
ML-KEM-768,0.19966706167906523,0.28562499210238457,0.3435409162193537,0.6291659083217382,1184,2400,1088,32,True,299
ML-KEM-768,0.19837496802210808,0.287500093691051,0.35179208498448133,0.6392921786755323,1184,2400,1088,32,True,300
ML-KEM-768,0.21112500689923763,0.29320805333554745,0.34291704650968313,0.6361250998452306,1184,2400,1088,32,True,301
ML-KEM-768,0.1991660101339221,0.2895419020205736,0.3440839936956763,0.6336258957162499,1184,2400,1088,32,True,302
ML-KEM-768,0.2102500293403864,0.29500003438442945,0.35012501757591963,0.6451250519603491,1184,2400,1088,32,True,303
ML-KEM-768,0.19795901607722044,0.28608401771634817,0.3447500057518482,0.6308340234681964,1184,2400,1088,32,True,304
ML-KEM-768,0.21650001872330904,0.29641599394381046,0.3522919723764062,0.6487079663202167,1184,2400,1088,32,True,305
ML-KEM-768,0.19837496802210808,0.2859169617295265,0.3504999913275242,0.6364169530570507,1184,2400,1088,32,True,306
ML-KEM-768,0.19929104018956423,0.3417499829083681,0.47620804980397224,0.8179580327123404,1184,2400,1088,32,True,307
ML-KEM-768,0.20133296493440866,0.2894169883802533,0.346834072843194,0.6362510612234473,1184,2400,1088,32,True,308
ML-KEM-768,0.19991607405245304,0.28654199559241533,0.34366699401289225,0.6302089896053076,1184,2400,1088,32,True,309
ML-KEM-768,0.2714999718591571,0.32662495505064726,0.3542909398674965,0.6809158949181437,1184,2400,1088,32,True,310
ML-KEM-768,0.23691600654274225,0.28899998869746923,0.3499580780044198,0.638958066701889,1184,2400,1088,32,True,311
ML-KEM-768,0.20670902449637651,0.28837507124990225,0.35812496207654476,0.646500033326447,1184,2400,1088,32,True,312
ML-KEM-768,0.20604196470230818,0.3149579279124737,0.4237500252202153,0.738707953132689,1184,2400,1088,32,True,313
ML-KEM-768,0.203792005777359,0.28895901050418615,0.34420902375131845,0.6331680342555046,1184,2400,1088,32,True,314
ML-KEM-768,0.2033329801633954,0.2987920306622982,0.3571669803932309,0.6559590110555291,1184,2400,1088,32,True,315
ML-KEM-768,0.20566594321280718,0.2892919583246112,0.350333983078599,0.6396259414032102,1184,2400,1088,32,True,316
ML-KEM-768,0.20304194185882807,0.29012502636760473,0.34966703969985247,0.6397920660674572,1184,2400,1088,32,True,317
ML-KEM-768,0.20262505859136581,0.2902909182012081,0.3495829878374934,0.6398739060387015,1184,2400,1088,32,True,318
ML-KEM-768,0.20391703583300114,0.29037497006356716,0.34374999813735485,0.634124968200922,1184,2400,1088,32,True,319
ML-KEM-768,0.19929197151213884,0.286333030089736,0.34920801408588886,0.6355410441756248,1184,2400,1088,32,True,320
ML-KEM-768,0.2015829086303711,0.2894580829888582,0.4954589530825615,0.7849170360714197,1184,2400,1088,32,True,321
ML-KEM-768,0.21654099691659212,0.30012510251253843,0.37054100539535284,0.6706661079078913,1184,2400,1088,32,True,322
ML-KEM-768,0.21179195027798414,0.3471659729257226,0.3467090427875519,0.6938750157132745,1184,2400,1088,32,True,323
ML-KEM-768,0.20062504336237907,0.2871250035241246,0.3469580551609397,0.6340830586850643,1184,2400,1088,32,True,324
ML-KEM-768,0.1994590274989605,0.28612499590963125,0.3439999418333173,0.6301249377429485,1184,2400,1088,32,True,325
ML-KEM-768,0.19933399744331837,0.2864169655367732,0.34616596531122923,0.6325829308480024,1184,2400,1088,32,True,326
ML-KEM-768,0.1990000018849969,0.32591691706329584,0.4207500023767352,0.746666919440031,1184,2400,1088,32,True,327
ML-KEM-768,0.225124997086823,0.29787502717226744,0.3512079128995538,0.6490829400718212,1184,2400,1088,32,True,328
ML-KEM-768,0.1991660101339221,0.3450419753789902,0.4003749927505851,0.7454169681295753,1184,2400,1088,32,True,329
ML-KEM-768,0.21345808636397123,0.29137497767806053,0.3585410304367542,0.6499160081148148,1184,2400,1088,32,True,330
ML-KEM-768,0.20195799879729748,0.3022500313818455,0.34458294976502657,0.646832981146872,1184,2400,1088,32,True,331
ML-KEM-768,0.19933306612074375,0.29641599394381046,0.3546669613569975,0.651082955300808,1184,2400,1088,32,True,332
ML-KEM-768,0.20116707310080528,0.28658309020102024,0.36800000816583633,0.6545830983668566,1184,2400,1088,32,True,333
ML-KEM-768,0.20820891950279474,0.32062502577900887,0.3475829726085067,0.6682079983875155,1184,2400,1088,32,True,334
ML-KEM-768,0.22387492936104536,0.3161670174449682,0.35320804454386234,0.6693750619888306,1184,2400,1088,32,True,335
ML-KEM-768,0.20129093900322914,0.2882080152630806,0.46566594392061234,0.7538739591836929,1184,2400,1088,32,True,336
ML-KEM-768,0.2294160658493638,0.2983339363709092,0.35191699862480164,0.6502509349957108,1184,2400,1088,32,True,337
ML-KEM-768,0.197957968339324,0.28558296617120504,0.3440830623731017,0.6296660285443068,1184,2400,1088,32,True,338
ML-KEM-768,0.19758299458771944,0.28558308258652687,0.3428749041631818,0.6284579867497087,1184,2400,1088,32,True,339
ML-KEM-768,0.19916705787181854,0.2885420108214021,0.3433339297771454,0.6318759405985475,1184,2400,1088,32,True,340
ML-KEM-768,0.20058301743119955,0.28662499971687794,0.34729205071926117,0.6339170504361391,1184,2400,1088,32,True,341
ML-KEM-768,0.19916705787181854,0.2861670218408108,0.34316605888307095,0.6293330807238817,1184,2400,1088,32,True,342
ML-KEM-768,0.19950000569224358,0.28624990954995155,0.3434160025790334,0.6296659121289849,1184,2400,1088,32,True,343
ML-KEM-768,0.19854202400892973,0.28795795515179634,0.3434580285102129,0.6314159836620092,1184,2400,1088,32,True,344
ML-KEM-768,0.1990000018849969,0.28720893897116184,0.3743749111890793,0.6615838501602411,1184,2400,1088,32,True,345
ML-KEM-768,0.19887497182935476,0.2862090477719903,0.34675002098083496,0.6329590687528253,1184,2400,1088,32,True,346
ML-KEM-768,0.20704208873212337,0.288125011138618,0.3518330631777644,0.6399580743163824,1184,2400,1088,32,True,347
ML-KEM-768,0.2015829086303711,0.2924579894170165,0.3439580323174596,0.6364160217344761,1184,2400,1088,32,True,348
ML-KEM-768,0.20212505478411913,0.28487504459917545,0.34387491177767515,0.6287499563768506,1184,2400,1088,32,True,349
ML-KEM-768,0.197709072381258,0.2861670218408108,0.3448330098763108,0.6310000317171216,1184,2400,1088,32,True,350
ML-KEM-768,0.19929197151213884,0.2872080076485872,0.3440000582486391,0.6312080658972263,1184,2400,1088,32,True,351
ML-KEM-768,0.1990000018849969,0.2863750560209155,0.3441249718889594,0.6305000279098749,1184,2400,1088,32,True,352
ML-KEM-768,0.19824993796646595,0.28650008607655764,0.34383393358439207,0.6303340196609497,1184,2400,1088,32,True,353
ML-KEM-768,0.1990419114008546,0.2864999696612358,0.34383393358439207,0.6303339032456279,1184,2400,1088,32,True,354
ML-KEM-768,0.1984169939532876,0.28541695792227983,0.3446659538894892,0.630082911811769,1184,2400,1088,32,True,355
ML-KEM-768,0.1991660101339221,0.28529204428195953,0.5312090506777167,0.8165010949596763,1184,2400,1088,32,True,356
ML-KEM-768,0.21804205607622862,0.2896249061450362,0.34945900551974773,0.639083911664784,1184,2400,1088,32,True,357
ML-KEM-768,0.1985830022022128,0.2870829775929451,0.3450419753789902,0.6321249529719353,1184,2400,1088,32,True,358
ML-KEM-768,0.20945805590599775,0.29908400028944016,0.3462500171735883,0.6453340174630284,1184,2400,1088,32,True,359
ML-KEM-768,0.2042920095846057,0.29433402232825756,0.34954200964421034,0.6438760319724679,1184,2400,1088,32,True,360
ML-KEM-768,0.2051659394055605,0.296790967695415,0.3480419982224703,0.6448329659178853,1184,2400,1088,32,True,361
ML-KEM-768,0.2007919829338789,0.29262504540383816,0.3471249947324395,0.6397500401362777,1184,2400,1088,32,True,362
ML-KEM-768,0.20179105922579765,0.28600008226931095,0.3435410326346755,0.6295411149039865,1184,2400,1088,32,True,363
ML-KEM-768,0.19941700156778097,0.28808298520743847,0.3452079836279154,0.6332909688353539,1184,2400,1088,32,True,364
ML-KEM-768,0.20404194947332144,0.2962501021102071,0.34308398608118296,0.63933408819139,1184,2400,1088,32,True,365
ML-KEM-768,0.201541930437088,0.45137503184378147,0.34833396784961224,0.7997089996933937,1184,2400,1088,32,True,366
ML-KEM-768,0.20941602997481823,0.2858330262824893,0.3439999418333173,0.6298329681158066,1184,2400,1088,32,True,367
ML-KEM-768,0.19887497182935476,0.2886670408770442,0.34245906863361597,0.6311261095106602,1184,2400,1088,32,True,368
ML-KEM-768,0.1984169939532876,0.2914159558713436,0.34245802089571953,0.6338739767670631,1184,2400,1088,32,True,369
ML-KEM-768,0.2504590665921569,0.29374996665865183,0.39191695395857096,0.6856669206172228,1184,2400,1088,32,True,370
ML-KEM-768,0.2376250922679901,0.3166251117363572,0.3572499845176935,0.6738750962540507,1184,2400,1088,32,True,371
ML-KEM-768,0.20037498325109482,0.2853330224752426,0.40725001599639654,0.6925830384716392,1184,2400,1088,32,True,372
ML-KEM-768,0.19933399744331837,0.2871669130399823,0.3476249985396862,0.6347919115796685,1184,2400,1088,32,True,373
ML-KEM-768,0.1977500505745411,0.2879590028896928,0.35450002178549767,0.6424590246751904,1184,2400,1088,32,True,374
ML-KEM-768,0.212125014513731,0.29029103461652994,0.3773330245167017,0.6676240591332316,1184,2400,1088,32,True,375
ML-KEM-768,0.20158302504569292,0.284082954749465,0.3451249795034528,0.6292079342529178,1184,2400,1088,32,True,376
ML-KEM-768,0.2192499814555049,0.2885420108214021,0.34370901994407177,0.6322510307654738,1184,2400,1088,32,True,377
ML-KEM-768,0.19562500528991222,0.2883329289034009,0.3835840616375208,0.6719169905409217,1184,2400,1088,32,True,378
ML-KEM-768,0.20316592417657375,0.28766703326255083,0.3464999608695507,0.6341669941321015,1184,2400,1088,32,True,379
ML-KEM-768,0.2025000285357237,0.2936249366030097,0.35800004843622446,0.6516249850392342,1184,2400,1088,32,True,380
ML-KEM-768,0.19874994177371264,0.28525001835078,0.34258398227393627,0.6278340006247163,1184,2400,1088,32,True,381
ML-KEM-768,0.1982090761885047,0.2852919278666377,0.345290987752378,0.6305829156190157,1184,2400,1088,32,True,382
ML-KEM-768,0.20254193805158138,0.288583105430007,0.3512499388307333,0.6398330442607403,1184,2400,1088,32,True,383
ML-KEM-768,0.19829103257507086,0.29550003819167614,0.3458330174908042,0.6413330556824803,1184,2400,1088,32,True,384
ML-KEM-768,0.19887497182935476,0.35208300687372684,0.382583006285131,0.7346660131588578,1184,2400,1088,32,True,385
ML-KEM-768,0.21175004076212645,0.29254204127937555,0.3447079798206687,0.6372500211000443,1184,2400,1088,32,True,386
ML-KEM-768,0.2021249383687973,0.2851670142263174,0.3470419906079769,0.6322090048342943,1184,2400,1088,32,True,387
ML-KEM-768,0.19749999046325684,0.2845829585567117,0.3418329870328307,0.6264159455895424,1184,2400,1088,32,True,388
ML-KEM-768,0.19749999046325684,0.2919579856097698,0.3449579235166311,0.636915909126401,1184,2400,1088,32,True,389
ML-KEM-768,0.226292060688138,0.3024169709533453,0.35633298102766275,0.658749951981008,1184,2400,1088,32,True,390
ML-KEM-768,0.23387500550597906,0.32666593324393034,0.3649169811978936,0.691582914441824,1184,2400,1088,32,True,391
ML-KEM-768,0.2163749886676669,0.30591594986617565,0.3420420689508319,0.6479580188170075,1184,2400,1088,32,True,392
ML-KEM-768,0.20395801402628422,0.29179104603827,0.34241704270243645,0.6342080887407064,1184,2400,1088,32,True,393
ML-KEM-768,0.20599993877112865,0.2917499514296651,0.3445419715717435,0.6362919230014086,1184,2400,1088,32,True,394
ML-KEM-768,0.20025006961077452,0.2899160608649254,0.34262496046721935,0.6325410213321447,1184,2400,1088,32,True,395
ML-KEM-768,0.19770802464336157,0.2871669130399823,0.3509171074256301,0.6380840204656124,1184,2400,1088,32,True,396
ML-KEM-768,0.19870803225785494,0.2855840139091015,0.35058404318988323,0.6361680570989847,1184,2400,1088,32,True,397
ML-KEM-768,0.19920803606510162,0.28570799622684717,0.343583058565855,0.6292910547927022,1184,2400,1088,32,True,398
ML-KEM-768,0.2072090283036232,0.2855840139091015,0.3531249240040779,0.6387089379131794,1184,2400,1088,32,True,399
ML-KEM-768,0.20354206208139658,0.2915420336648822,0.3429159987717867,0.6344580324366689,1184,2400,1088,32,True,400
ML-KEM-768,0.21016609389334917,0.29179209377616644,0.34433393739163876,0.6361260311678052,1184,2400,1088,32,True,401
ML-KEM-768,0.19787508063018322,0.2858330262824893,0.3434580285102129,0.6292910547927022,1184,2400,1088,32,True,402
ML-KEM-768,0.19758392591029406,0.28483406640589237,0.34975004382431507,0.6345841102302074,1184,2400,1088,32,True,403
ML-KEM-768,0.20216696429997683,0.29137497767806053,0.3433340461924672,0.6347090238705277,1184,2400,1088,32,True,404
ML-KEM-768,0.20466605201363564,0.28904201462864876,0.3432920202612877,0.6323340348899364,1184,2400,1088,32,True,405
ML-KEM-768,0.20341703202575445,0.2865409478545189,0.34312496427446604,0.6296659121289849,1184,2400,1088,32,True,406
ML-KEM-768,0.1985830022022128,0.28558296617120504,0.3504580818116665,0.6360410479828715,1184,2400,1088,32,True,407
ML-KEM-768,0.23545802105218172,0.306959031149745,0.3577090101316571,0.6646680412814021,1184,2400,1088,32,True,408
ML-KEM-768,0.2572080120444298,0.31229190062731504,0.34608307760208845,0.6583749782294035,1184,2400,1088,32,True,409
ML-KEM-768,0.19862502813339233,0.28650008607655764,0.34441601019352674,0.6309160962700844,1184,2400,1088,32,True,410
ML-KEM-768,0.19816600251942873,0.28541695792227983,0.3426669863983989,0.6280839443206787,1184,2400,1088,32,True,411
ML-KEM-768,0.19804202020168304,0.29037497006356716,0.34333299845457077,0.6337079685181379,1184,2400,1088,32,True,412
ML-KEM-768,0.19991700537502766,0.2855409402400255,0.34137500915676355,0.6269159493967891,1184,2400,1088,32,True,413
ML-KEM-768,0.19758404232561588,0.28687494341284037,0.3426250768825412,0.6295000202953815,1184,2400,1088,32,True,414
ML-KEM-768,0.1990419114008546,0.2874580677598715,0.3529579844325781,0.6404160521924496,1184,2400,1088,32,True,415
ML-KEM-768,0.1990000018849969,0.28449995443224907,0.34324999433010817,0.6277499487623572,1184,2400,1088,32,True,416
ML-KEM-768,0.19795808475464582,0.28541695792227983,0.34245906863361597,0.6278760265558958,1184,2400,1088,32,True,417
ML-KEM-768,0.19770802464336157,0.2850830787792802,0.3433750243857503,0.6284581031650305,1184,2400,1088,32,True,418
ML-KEM-768,0.1983750844374299,0.28487504459917545,0.39599998854100704,0.6808750331401825,1184,2400,1088,32,True,419
ML-KEM-768,0.2741249045357108,0.32637501135468483,0.3750829491764307,0.7014579605311155,1184,2400,1088,32,True,420
ML-KEM-768,0.20416604820638895,0.29379199258983135,0.3565419465303421,0.6503339391201735,1184,2400,1088,32,True,421
ML-KEM-768,0.19883294589817524,0.29012502636760473,0.3528330707922578,0.6429580971598625,1184,2400,1088,32,True,422
ML-KEM-768,0.1997080398723483,0.28620800003409386,0.34433300606906414,0.630541006103158,1184,2400,1088,32,True,423
ML-KEM-768,0.19795808475464582,0.2864580601453781,0.3822079161182046,0.6686659762635827,1184,2400,1088,32,True,424
ML-KEM-768,0.19874994177371264,0.28620800003409386,0.3427499905228615,0.6289579905569553,1184,2400,1088,32,True,425
ML-KEM-768,0.1989169977605343,0.28537504840642214,0.34320796839892864,0.6285830168053508,1184,2400,1088,32,True,426
ML-KEM-768,0.20291702821850777,0.2857910003513098,0.3487920621410012,0.634583062492311,1184,2400,1088,32,True,427
ML-KEM-768,0.19749999046325684,0.28541695792227983,0.34262496046721935,0.6280419183894992,1184,2400,1088,32,True,428
ML-KEM-768,0.20237499848008156,0.29129208996891975,0.3440830623731017,0.6353751523420215,1184,2400,1088,32,True,429
ML-KEM-768,0.19774993415921926,0.2841249806806445,0.3411250654608011,0.6252500461414456,1184,2400,1088,32,True,430
ML-KEM-768,0.19933294970542192,0.2857920480892062,0.35029195714741945,0.6360840052366257,1184,2400,1088,32,True,431
ML-KEM-768,0.1985830022022128,0.28508296236395836,0.34245802089571953,0.6275409832596779,1184,2400,1088,32,True,432
ML-KEM-768,0.19683397840708494,0.2845419803634286,0.34733302891254425,0.6318750092759728,1184,2400,1088,32,True,433
ML-KEM-768,0.20366592798382044,0.28583407402038574,0.39008399471640587,0.6759180687367916,1184,2400,1088,32,True,434
ML-KEM-768,0.19862502813339233,0.316707999445498,0.34912500996142626,0.6658330094069242,1184,2400,1088,32,True,435
ML-KEM-768,0.1992079196497798,0.289292074739933,0.34183391835540533,0.6311259930953383,1184,2400,1088,32,True,436
ML-KEM-768,0.19841606263071299,0.2858329098671675,0.34245802089571953,0.628290930762887,1184,2400,1088,32,True,437
ML-KEM-768,0.19779091235250235,0.284917070530355,0.348874949850142,0.633792020380497,1184,2400,1088,32,True,438
ML-KEM-768,0.1980409724637866,0.2841249806806445,0.34195801708847284,0.6260829977691174,1184,2400,1088,32,True,439
ML-KEM-768,0.19791699014604092,0.2847909927368164,0.34254195634275675,0.6273329490795732,1184,2400,1088,32,True,440
ML-KEM-768,0.20424998365342617,0.28487504459917545,0.3464999608695507,0.6313750054687262,1184,2400,1088,32,True,441
ML-KEM-768,0.19720802083611488,0.28662499971687794,0.34245802089571953,0.6290830206125975,1184,2400,1088,32,True,442
ML-KEM-768,0.19799999427050352,0.2903339918702841,0.3434589598327875,0.6337929517030716,1184,2400,1088,32,True,443
ML-KEM-768,0.19645807333290577,0.28504105284810066,0.3726669820025563,0.657708034850657,1184,2400,1088,32,True,444
ML-KEM-768,0.19829196389764547,0.28725003357976675,0.3504999913275242,0.6377500249072909,1184,2400,1088,32,True,445
ML-KEM-768,0.1977500505745411,0.2894999925047159,0.34820789005607367,0.6377078825607896,1184,2400,1088,32,True,446
ML-KEM-768,0.19933306612074375,0.287041999399662,0.3453339450061321,0.6323759444057941,1184,2400,1088,32,True,447
ML-KEM-768,0.20408397540450096,0.30908396001905203,0.37345895543694496,0.682542915455997,1184,2400,1088,32,True,448
ML-KEM-768,0.2232920378446579,0.3125410294160247,0.37470797542482615,0.6872490048408508,1184,2400,1088,32,True,449
ML-KEM-768,0.3160419873893261,0.2936249366030097,0.34545897506177425,0.639083911664784,1184,2400,1088,32,True,450
ML-KEM-768,0.19933399744331837,0.2881670370697975,0.34529203549027443,0.633459072560072,1184,2400,1088,32,True,451
ML-KEM-768,0.20420807413756847,0.2871250035241246,0.3464999608695507,0.6336249643936753,1184,2400,1088,32,True,452
ML-KEM-768,0.20574999507516623,0.29283296316862106,0.34433300606906414,0.6371659692376852,1184,2400,1088,32,True,453
ML-KEM-768,0.2490419428795576,0.29499991796910763,0.36037503741681576,0.6553749553859234,1184,2400,1088,32,True,454
ML-KEM-768,0.2114999806508422,0.28837507124990225,0.3462500171735883,0.6346250884234905,1184,2400,1088,32,True,455
ML-KEM-768,0.20062504336237907,0.2949159825220704,0.3548749955371022,0.6497909780591726,1184,2400,1088,32,True,456
ML-KEM-768,0.20566594321280718,0.3059590235352516,0.3642500378191471,0.6702090613543987,1184,2400,1088,32,True,457
ML-KEM-768,0.20629202481359243,0.2912089694291353,0.3503340994939208,0.6415430689230561,1184,2400,1088,32,True,458
ML-KEM-768,0.20287500228732824,0.2940420527011156,0.3546669613569975,0.6487090140581131,1184,2400,1088,32,True,459
ML-KEM-768,0.2049589529633522,0.2885840367525816,0.34416699782013893,0.6327510345727205,1184,2400,1088,32,True,460
ML-KEM-768,0.19895797595381737,0.28549996204674244,0.4942910745739937,0.7797910366207361,1184,2400,1088,32,True,461
ML-KEM-768,0.2264579525217414,0.29045797418802977,0.35595905501395464,0.6464170292019844,1184,2400,1088,32,True,462
ML-KEM-768,0.19933294970542192,0.2882080152630806,0.4230830818414688,0.7112910971045494,1184,2400,1088,32,True,463
ML-KEM-768,0.20241690799593925,0.298708095215261,0.35024993121623993,0.6489580264315009,1184,2400,1088,32,True,464
ML-KEM-768,0.19891606643795967,0.28916692826896906,0.3464999608695507,0.6356668891385198,1184,2400,1088,32,True,465
ML-KEM-768,0.19879208412021399,0.2857089275494218,0.34308305475860834,0.6287919823080301,1184,2400,1088,32,True,466
ML-KEM-768,0.1973749604076147,0.28437504079192877,0.34158292692154646,0.6259579677134752,1184,2400,1088,32,True,467
ML-KEM-768,0.1988750882446766,0.28570799622684717,0.3426669863983989,0.628374982625246,1184,2400,1088,32,True,468
ML-KEM-768,0.19825005438178778,0.2850840101018548,0.3427499905228615,0.6278340006247163,1184,2400,1088,32,True,469
ML-KEM-768,0.199749949388206,0.28620800003409386,0.34141598735004663,0.6276239873841405,1184,2400,1088,32,True,470
ML-KEM-768,0.1978749642148614,0.2847498981282115,0.3422920126467943,0.6270419107750058,1184,2400,1088,32,True,471
ML-KEM-768,0.1995420316234231,0.2844170667231083,0.34212495665997267,0.626542023383081,1184,2400,1088,32,True,472
ML-KEM-768,0.19708299078047276,0.41441700886934996,0.3957500448450446,0.8101670537143946,1184,2400,1088,32,True,473
ML-KEM-768,0.21941703744232655,0.29595906380563974,0.34541694913059473,0.6413760129362345,1184,2400,1088,32,True,474
ML-KEM-768,0.20574999507516623,0.288125011138618,0.34499994944781065,0.6331249605864286,1184,2400,1088,32,True,475
ML-KEM-768,0.19904202781617641,0.28679193928837776,0.3458750434219837,0.6326669827103615,1184,2400,1088,32,True,476
ML-KEM-768,0.204416923224926,0.28674991335719824,0.3480419982224703,0.6347919115796685,1184,2400,1088,32,True,477
ML-KEM-768,0.19870803225785494,0.28541707433760166,0.35854196175932884,0.6439590360969305,1184,2400,1088,32,True,478
ML-KEM-768,0.2074999501928687,0.2873340854421258,0.3444589674472809,0.6317930528894067,1184,2400,1088,32,True,479
ML-KEM-768,0.2033329801633954,0.28670800384134054,0.34387491177767515,0.6305829156190157,1184,2400,1088,32,True,480
ML-KEM-768,0.19904098007827997,0.2853749319911003,0.342792016454041,0.6281669484451413,1184,2400,1088,32,True,481
ML-KEM-768,0.19895797595381737,0.2916250377893448,0.34316699020564556,0.6347920279949903,1184,2400,1088,32,True,482
ML-KEM-768,0.19916694145649672,0.29308407101780176,0.3432090161368251,0.6362930871546268,1184,2400,1088,32,True,483
ML-KEM-768,0.19937497563660145,0.28375000692903996,0.34458294976502657,0.6283329566940665,1184,2400,1088,32,True,484
ML-KEM-768,0.20020909141749144,0.28791697695851326,0.34195801708847284,0.6298749940469861,1184,2400,1088,32,True,485
ML-KEM-768,0.19808299839496613,0.28570799622684717,0.34304196015000343,0.6287499563768506,1184,2400,1088,32,True,486
ML-KEM-768,0.20041689276695251,0.2859999658539891,0.34291704650968313,0.6289170123636723,1184,2400,1088,32,True,487
ML-KEM-768,0.19924994558095932,0.28545805253088474,0.3428339259698987,0.6282919785007834,1184,2400,1088,32,True,488
ML-KEM-768,0.19950000569224358,0.2930000191554427,0.34449994564056396,0.6374999647960067,1184,2400,1088,32,True,489
ML-KEM-768,0.197957968339324,0.2858330262824893,0.34324999433010817,0.6290830206125975,1184,2400,1088,32,True,490
ML-KEM-768,0.19816693384200335,0.2849589800462127,0.35091699101030827,0.6358759710565209,1184,2400,1088,32,True,491
ML-KEM-768,0.197957968339324,0.2842909889295697,0.34145801328122616,0.6257490022107959,1184,2400,1088,32,True,492
ML-KEM-768,0.19633292686194181,0.293583027087152,0.3422080771997571,0.6357911042869091,1184,2400,1088,32,True,493
ML-KEM-768,0.2007089788094163,0.2829580334946513,0.34191692247986794,0.6248749559745193,1184,2400,1088,32,True,494
ML-KEM-768,0.19570800941437483,0.28312508948147297,0.3415420651435852,0.6246671546250582,1184,2400,1088,32,True,495
ML-KEM-768,0.19629194866865873,0.28841698076575994,0.3423329908400774,0.6307499716058373,1184,2400,1088,32,True,496
ML-KEM-768,0.19687495660036802,0.2841249806806445,0.3422499867156148,0.6263749673962593,1184,2400,1088,32,True,497
ML-KEM-768,0.20362506620585918,0.2845000708475709,0.3477089339867234,0.6322090048342943,1184,2400,1088,32,True,498
ML-KEM-768,0.19787508063018322,0.2839999506250024,0.34120806958526373,0.6252080202102661,1184,2400,1088,32,True,499
ML-KEM-768,0.20520901307463646,0.30433398205786943,0.3451249795034528,0.6494589615613222,1184,2400,1088,32,True,500
ML-KEM-768,0.21320790983736515,0.2888330491259694,0.34374999813735485,0.6325830472633243,1184,2400,1088,32,True,501
ML-KEM-768,0.19933399744331837,0.28604199178516865,0.3424999304115772,0.6285419221967459,1184,2400,1088,32,True,502
ML-KEM-768,0.20004098769277334,0.3089170204475522,0.34612498711794615,0.6550420075654984,1184,2400,1088,32,True,503
ML-KEM-768,0.2002089750021696,0.3172500291839242,0.3485840279608965,0.6658340571448207,1184,2400,1088,32,True,504
ML-KEM-768,0.19950000569224358,0.2874169731512666,0.34304207656532526,0.6304590497165918,1184,2400,1088,32,True,505
ML-KEM-768,0.19766693003475666,0.28325000312179327,0.34137500915676355,0.6246250122785568,1184,2400,1088,32,True,506
ML-KEM-768,0.1996250357478857,0.285874935798347,0.37025008350610733,0.6561250193044543,1184,2400,1088,32,True,507
ML-KEM-768,0.2037910744547844,0.30274991877377033,0.3575830487534404,0.6603329675272107,1184,2400,1088,32,True,508
ML-KEM-768,0.2121669240295887,0.38954103365540504,0.3450000658631325,0.7345410995185375,1184,2400,1088,32,True,509
ML-KEM-768,0.20091701298952103,0.2883330453187227,0.3417909611016512,0.6301240064203739,1184,2400,1088,32,True,510
ML-KEM-768,0.19820802845060825,0.298250000923872,0.34549995325505733,0.6437499541789293,1184,2400,1088,32,True,511
ML-KEM-768,0.19979209173470736,0.2852909965440631,0.34195801708847284,0.6272490136325359,1184,2400,1088,32,True,512
ML-KEM-768,0.19887497182935476,0.28725003357976675,0.3422080771997571,0.6294581107795238,1184,2400,1088,32,True,513
ML-KEM-768,0.1991249155253172,0.28425001073628664,0.3452500095590949,0.6295000202953815,1184,2400,1088,32,True,514
ML-KEM-768,0.27966697234660387,0.33312500454485416,0.3481250023469329,0.681250006891787,1184,2400,1088,32,True,515
ML-KEM-768,0.20549993496388197,0.28612499590963125,0.34983293153345585,0.6359579274430871,1184,2400,1088,32,True,516
ML-KEM-768,0.2021249383687973,0.2911669434979558,0.35337498411536217,0.644541927613318,1184,2400,1088,32,True,517
ML-KEM-768,0.20754197612404823,0.2962501021102071,0.38275006227195263,0.6790001643821597,1184,2400,1088,32,True,518
ML-KEM-768,0.21841702982783318,0.29408291447907686,0.35704101901501417,0.651123933494091,1184,2400,1088,32,True,519
ML-KEM-768,0.20004203543066978,0.28783304151147604,0.34916598815470934,0.6369990296661854,1184,2400,1088,32,True,520
ML-KEM-768,0.20474998746067286,0.28899998869746923,0.34537503961473703,0.6343750283122063,1184,2400,1088,32,True,521
ML-KEM-768,0.1985830022022128,0.28454093262553215,0.3724170383065939,0.656957970932126,1184,2400,1088,32,True,522
ML-KEM-768,0.20441703964024782,0.2862919354811311,0.34733396023511887,0.6336258957162499,1184,2400,1088,32,True,523
ML-KEM-768,0.19804202020168304,0.2845419803634286,0.34262496046721935,0.627166940830648,1184,2400,1088,32,True,524
ML-KEM-768,0.198333989828825,0.2848749281838536,0.34495803993195295,0.6298329681158066,1184,2400,1088,32,True,525
ML-KEM-768,0.2021660329774022,0.28670800384134054,0.34849997609853745,0.635207979939878,1184,2400,1088,32,True,526
ML-KEM-768,0.19816693384200335,0.2850419841706753,0.34258293453603983,0.6276249187067151,1184,2400,1088,32,True,527
ML-KEM-768,0.19883294589817524,0.2869580639526248,0.34200004301965237,0.6289581069722772,1184,2400,1088,32,True,528
ML-KEM-768,0.19749999046325684,0.30154199339449406,0.3471659729257226,0.6487079663202167,1184,2400,1088,32,True,529
ML-KEM-768,0.1972500467672944,0.2864160342141986,0.34612498711794615,0.6325410213321447,1184,2400,1088,32,True,530
ML-KEM-768,0.19799999427050352,0.28570799622684717,0.3433750243857503,0.6290830206125975,1184,2400,1088,32,True,531
ML-KEM-768,0.19758299458771944,0.2840419765561819,0.3761670086532831,0.660208985209465,1184,2400,1088,32,True,532
ML-KEM-768,0.20166696049273014,0.2857500221580267,0.34312508068978786,0.6288751028478146,1184,2400,1088,32,True,533
ML-KEM-768,0.19883399363607168,0.28549996204674244,0.3439170541241765,0.6294170161709189,1184,2400,1088,32,True,534
ML-KEM-768,0.19820802845060825,0.2852909965440631,0.37999998312443495,0.665290979668498,1184,2400,1088,32,True,535
ML-KEM-768,0.1996250357478857,0.28570799622684717,0.34324999433010817,0.6289579905569553,1184,2400,1088,32,True,536
ML-KEM-768,0.1997910439968109,0.2874169731512666,0.34541706554591656,0.6328340386971831,1184,2400,1088,32,True,537
ML-KEM-768,0.19870803225785494,0.2851249882951379,0.34295895602554083,0.6280839443206787,1184,2400,1088,32,True,538
ML-KEM-768,0.19829103257507086,0.2874169731512666,0.3426669863983989,0.6300839595496655,1184,2400,1088,32,True,539
ML-KEM-768,0.19837496802210808,0.28891698457300663,0.3450840013101697,0.6340009858831763,1184,2400,1088,32,True,540
ML-KEM-768,0.21433294750750065,0.29133306816220284,0.34387491177767515,0.635207979939878,1184,2400,1088,32,True,541
ML-KEM-768,0.23708399385213852,0.32466708216816187,0.47741702292114496,0.8020841050893068,1184,2400,1088,32,True,542
ML-KEM-768,0.20366697572171688,0.2889159368351102,0.34662499092519283,0.635540927760303,1184,2400,1088,32,True,543
ML-KEM-768,0.20274997223168612,0.341000035405159,0.3802500432357192,0.7212500786408782,1184,2400,1088,32,True,544
ML-KEM-768,0.2154590329155326,0.28604199178516865,0.3428329946473241,0.6288749864324927,1184,2400,1088,32,True,545
ML-KEM-768,0.20050001330673695,0.2850840101018548,0.36679208278656006,0.6518760928884149,1184,2400,1088,32,True,546
ML-KEM-768,0.2033329801633954,0.2846670104190707,0.34316699020564556,0.6278340006247163,1184,2400,1088,32,True,547
ML-KEM-768,0.19699998665601015,0.2917499514296651,0.3433750243857503,0.6351249758154154,1184,2400,1088,32,True,548
ML-KEM-768,0.19649998284876347,0.28891698457300663,0.34733302891254425,0.6362500134855509,1184,2400,1088,32,True,549
ML-KEM-768,0.19654107745736837,0.28375000692903996,0.3506659995764494,0.6344160065054893,1184,2400,1088,32,True,550
ML-KEM-768,0.20174996461719275,0.28604199178516865,0.34912500996142626,0.6351670017465949,1184,2400,1088,32,True,551
ML-KEM-768,0.23329199757426977,0.31812500674277544,0.35458302590996027,0.6727080326527357,1184,2400,1088,32,True,552
ML-KEM-768,0.19966601394116879,0.2976669929921627,0.34329190384596586,0.6409588968381286,1184,2400,1088,32,True,553
ML-KEM-768,0.20637502893805504,0.29195810202509165,0.34779205452650785,0.6397501565515995,1184,2400,1088,32,True,554
ML-KEM-768,0.19916589371860027,0.2941250568255782,0.3518749726936221,0.6460000295192003,1184,2400,1088,32,True,555
ML-KEM-768,0.20479201339185238,0.2983339363709092,0.355167081579566,0.6535010179504752,1184,2400,1088,32,True,556
ML-KEM-768,0.2074999501928687,0.2927089808508754,0.3444170579314232,0.6371260387822986,1184,2400,1088,32,True,557
ML-KEM-768,0.19870803225785494,0.2871250035241246,0.3469999646767974,0.634124968200922,1184,2400,1088,32,True,558
ML-KEM-768,0.19875005818903446,0.2867920557036996,0.34558295737951994,0.6323750130832195,1184,2400,1088,32,True,559
ML-KEM-768,0.19812502432614565,0.28525001835078,0.3518749726936221,0.6371249910444021,1184,2400,1088,32,True,560
ML-KEM-768,0.19870896358042955,0.28416700661182404,0.34608307760208845,0.6302500842139125,1184,2400,1088,32,True,561
ML-KEM-768,0.20000000949949026,0.2845829585567117,0.3465829649940133,0.631165923550725,1184,2400,1088,32,True,562
ML-KEM-768,0.19579206127673388,0.28766703326255083,0.3427080810070038,0.6303751142695546,1184,2400,1088,32,True,563
ML-KEM-768,0.19979197531938553,0.28491695411503315,0.34300005063414574,0.6279170047491789,1184,2400,1088,32,True,564
ML-KEM-768,0.19866600632667542,0.29695802368223667,0.35666697658598423,0.6536250002682209,1184,2400,1088,32,True,565
ML-KEM-768,0.19595806952565908,0.28787495102733374,0.36879198160022497,0.6566669326275587,1184,2400,1088,32,True,566
ML-KEM-768,0.22254197392612696,0.2933340147137642,0.3440000582486391,0.6373340729624033,1184,2400,1088,32,True,567
ML-KEM-768,0.20495906937867403,0.29541703406721354,0.3440829459577799,0.6394999800249934,1184,2400,1088,32,True,568
ML-KEM-768,0.19916694145649672,0.29554206412285566,0.34337490797042847,0.6389169720932841,1184,2400,1088,32,True,569
ML-KEM-768,0.19812502432614565,0.28945901431143284,0.3443340538069606,0.6337930681183934,1184,2400,1088,32,True,570
ML-KEM-768,0.19766599871218204,0.2846249844878912,0.3486250061541796,0.6332499906420708,1184,2400,1088,32,True,571
ML-KEM-768,0.20524999126791954,0.28545805253088474,0.3474999684840441,0.6329580210149288,1184,2400,1088,32,True,572
ML-KEM-768,0.1978749642148614,0.2882080152630806,0.3464170731604099,0.6346250884234905,1184,2400,1088,32,True,573
ML-KEM-768,0.1980409724637866,0.2848749281838536,0.3434160025790334,0.628290930762887,1184,2400,1088,32,True,574
ML-KEM-768,0.20383403170853853,0.2847500145435333,0.3435000544413924,0.6282500689849257,1184,2400,1088,32,True,575
ML-KEM-768,0.19812502432614565,0.2848749281838536,0.3428340423852205,0.6277089705690742,1184,2400,1088,32,True,576
ML-KEM-768,0.1995420316234231,0.28675002977252007,0.3435829421505332,0.6303329719230533,1184,2400,1088,32,True,577
ML-KEM-768,0.19866600632667542,0.28566690161824226,0.34574989695101976,0.631416798569262,1184,2400,1088,32,True,578
ML-KEM-768,0.1984999980777502,0.28495804872363806,0.3489169757813215,0.6338750245049596,1184,2400,1088,32,True,579
ML-KEM-768,0.1992079196497798,0.2854160265997052,0.34420809242874384,0.6296241190284491,1184,2400,1088,32,True,580
ML-KEM-768,0.19812490791082382,0.28437504079192877,0.359834055416286,0.6442090962082148,1184,2400,1088,32,True,581
ML-KEM-768,0.20879204384982586,0.2906249137595296,0.3450840013101697,0.6357089150696993,1184,2400,1088,32,True,582
ML-KEM-768,0.19987497944384813,0.2900410909205675,0.3433750243857503,0.6334161153063178,1184,2400,1088,32,True,583
ML-KEM-768,0.19837496802210808,0.28420903254300356,0.3469170769676566,0.6311261095106602,1184,2400,1088,32,True,584
ML-KEM-768,0.1991249155253172,0.2858750522136688,0.34537503961473703,0.6312500918284059,1184,2400,1088,32,True,585
ML-KEM-768,0.19912503194063902,0.29266695491969585,0.3439169377088547,0.6365838926285505,1184,2400,1088,32,True,586
ML-KEM-768,0.20066602155566216,0.2850000746548176,0.34379097633063793,0.6287910509854555,1184,2400,1088,32,True,587
ML-KEM-768,0.20037498325109482,0.2852499019354582,0.344207976013422,0.6294578779488802,1184,2400,1088,32,True,588
ML-KEM-768,0.1989580923691392,0.2870839089155197,0.34312496427446604,0.6302088731899858,1184,2400,1088,32,True,589
ML-KEM-768,0.19870896358042955,0.2851249882951379,0.3436249680817127,0.6287499563768506,1184,2400,1088,32,True,590
ML-KEM-768,0.1984589034691453,0.28545898385345936,0.36808394361287355,0.6535429274663329,1184,2400,1088,32,True,591
ML-KEM-768,0.19958405755460262,0.285874935798347,0.3504169872030616,0.6362919230014086,1184,2400,1088,32,True,592
ML-KEM-768,0.19799999427050352,0.28520904015749693,0.3450419753789902,0.6302510155364871,1184,2400,1088,32,True,593
ML-KEM-768,0.20179199054837227,0.285708112642169,0.34420809242874384,0.6299162050709128,1184,2400,1088,32,True,594
ML-KEM-768,0.1982920803129673,0.28437504079192877,0.34324999433010817,0.6276250351220369,1184,2400,1088,32,True,595
ML-KEM-768,0.19804190378636122,0.28729101177304983,0.34212495665997267,0.6294159684330225,1184,2400,1088,32,True,596
ML-KEM-768,0.1984999980777502,0.2887500450015068,0.34320796839892864,0.6319580134004354,1184,2400,1088,32,True,597
ML-KEM-768,0.19866693764925003,0.2848749281838536,0.3469169605523348,0.6317918887361884,1184,2400,1088,32,True,598
ML-KEM-768,0.20400003995746374,0.2869999734684825,0.34608400892466307,0.6330839823931456,1184,2400,1088,32,True,599
ML-KEM-768,0.1985409762710333,0.28549996204674244,0.3440000582486391,0.6295000202953815,1184,2400,1088,32,True,600
ML-KEM-768,0.2073750365525484,0.2846670104190707,0.3606249811127782,0.6452919915318489,1184,2400,1088,32,True,601
ML-KEM-768,0.19641604740172625,0.28483301866799593,0.34683302510529757,0.6316660437732935,1184,2400,1088,32,True,602
ML-KEM-768,0.1976670464500785,0.28891698457300663,0.34429202787578106,0.6332090124487877,1184,2400,1088,32,True,603
ML-KEM-768,0.19770895596593618,0.2858339576050639,0.34458294976502657,0.6304169073700905,1184,2400,1088,32,True,604
ML-KEM-768,0.1982090761885047,0.2908329479396343,0.3472910029813647,0.638123950920999,1184,2400,1088,32,True,605
ML-KEM-768,0.19862502813339233,0.2850000746548176,0.3427499905228615,0.6277500651776791,1184,2400,1088,32,True,606
ML-KEM-768,0.19887497182935476,0.28525001835078,0.3510420210659504,0.6362920394167304,1184,2400,1088,32,True,607
ML-KEM-768,0.22062496282160282,0.32045808620750904,0.3606660757213831,0.6811241619288921,1184,2400,1088,32,True,608
ML-KEM-768,0.20574999507516623,0.3123750211670995,0.3564170328900218,0.6687920540571213,1184,2400,1088,32,True,609
ML-KEM-768,0.2025830326601863,0.37066591903567314,0.35562494304031134,0.7262908620759845,1184,2400,1088,32,True,610
ML-KEM-768,0.20245800260454416,0.29104191344231367,0.34604198299348354,0.6370838964357972,1184,2400,1088,32,True,611
ML-KEM-768,0.20050001330673695,0.2865829737856984,0.34487503580749035,0.6314580095931888,1184,2400,1088,32,True,612
ML-KEM-768,0.20124996080994606,0.28595898766070604,0.46250002924352884,0.7484590169042349,1184,2400,1088,32,True,613
ML-KEM-768,0.20766700617969036,0.2934579970315099,0.38429105188697577,0.6777490489184856,1184,2400,1088,32,True,614
ML-KEM-768,0.21249998826533556,0.2893749624490738,0.347458990290761,0.6368339527398348,1184,2400,1088,32,True,615
ML-KEM-768,0.19879103638231754,0.2864169655367732,0.3440419677644968,0.63045893330127,1184,2400,1088,32,True,616
ML-KEM-768,0.19958300981670618,0.2894160570576787,0.3501249011605978,0.6395409582182765,1184,2400,1088,32,True,617
ML-KEM-768,0.1995420316234231,0.2876250073313713,0.34437491558492184,0.6319999229162931,1184,2400,1088,32,True,618
ML-KEM-768,0.19920896738767624,0.2855840139091015,0.347458990290761,0.6330430041998625,1184,2400,1088,32,True,619
ML-KEM-768,0.19829103257507086,0.2857500221580267,0.34324999433010817,0.6290000164881349,1184,2400,1088,32,True,620
ML-KEM-768,0.19912503194063902,0.31658296938985586,0.3531660186126828,0.6697489880025387,1184,2400,1088,32,True,621
ML-KEM-768,0.20300003234297037,0.2870829775929451,0.34491601400077343,0.6319989915937185,1184,2400,1088,32,True,622
ML-KEM-768,0.19891595002263784,0.2863750560209155,0.34445803612470627,0.6308330921456218,1184,2400,1088,32,True,623
ML-KEM-768,0.23316696751862764,0.29912497848272324,0.34708296880126,0.6462079472839832,1184,2400,1088,32,True,624
ML-KEM-768,0.20037498325109482,0.2887500450015068,0.3448749193921685,0.6336249643936753,1184,2400,1088,32,True,625
ML-KEM-768,0.20008301362395287,0.28629100415855646,0.34920801408588886,0.6354990182444453,1184,2400,1088,32,True,626
ML-KEM-768,0.19749999046325684,0.2857919316738844,0.3445000620558858,0.6302919937297702,1184,2400,1088,32,True,627
ML-KEM-768,0.20074995700269938,0.2868750598281622,0.34437503200024366,0.6312500918284059,1184,2400,1088,32,True,628
ML-KEM-768,0.2025000285357237,0.28595898766070604,0.3440839936956763,0.6300429813563824,1184,2400,1088,32,True,629
ML-KEM-768,0.1989169977605343,0.2882500411942601,0.34241704270243645,0.6306670838966966,1184,2400,1088,32,True,630
ML-KEM-768,0.19845797214657068,0.31591695733368397,0.34579099155962467,0.6617079488933086,1184,2400,1088,32,True,631
ML-KEM-768,0.19912503194063902,0.28595898766070604,0.344583997502923,0.630542985163629,1184,2400,1088,32,True,632
ML-KEM-768,0.19804202020168304,0.28612499590963125,0.34741696435958147,0.6335419602692127,1184,2400,1088,32,True,633
ML-KEM-768,0.19841594621539116,0.28554198797792196,0.3438340499997139,0.6293760379776359,1184,2400,1088,32,True,634
ML-KEM-768,0.19887497182935476,0.28570799622684717,0.34366699401289225,0.6293749902397394,1184,2400,1088,32,True,635
ML-KEM-768,0.20174996461719275,0.2863339614123106,0.3487090580165386,0.6350430194288492,1184,2400,1088,32,True,636
ML-KEM-768,0.199749949388206,0.28604199178516865,0.34433300606906414,0.6303749978542328,1184,2400,1088,32,True,637
ML-KEM-768,0.19870803225785494,0.28941710479557514,0.3457089187577367,0.6351260235533118,1184,2400,1088,32,True,638
ML-KEM-768,0.19866600632667542,0.28525001835078,0.3433750243857503,0.6286250427365303,1184,2400,1088,32,True,639
ML-KEM-768,0.1986249117180705,0.287041999399662,0.3606249811127782,0.6476669805124402,1184,2400,1088,32,True,640
ML-KEM-768,0.19904202781617641,0.2859160304069519,0.3435000544413924,0.6294160848483443,1184,2400,1088,32,True,641
ML-KEM-768,0.1978339860215783,0.2857920480892062,0.3439170541241765,0.6297091022133827,1184,2400,1088,32,True,642
ML-KEM-768,0.19962491933256388,0.2911670599132776,0.3440419677644968,0.6352090276777744,1184,2400,1088,32,True,643
ML-KEM-768,0.1989169977605343,0.2857500221580267,0.34433300606906414,0.6300830282270908,1184,2400,1088,32,True,644
ML-KEM-768,0.19620894454419613,0.2857920480892062,0.3453330136835575,0.6311250617727637,1184,2400,1088,32,True,645
ML-KEM-768,0.19562500528991222,0.284082954749465,0.343416933901608,0.627499888651073,1184,2400,1088,32,True,646
ML-KEM-768,0.1972910249605775,0.28666702564805746,0.34604198299348354,0.632709008641541,1184,2400,1088,32,True,647
ML-KEM-768,0.19879091996699572,0.2843340625986457,0.34449994564056396,0.6288340082392097,1184,2400,1088,32,True,648
ML-KEM-768,0.1984999980777502,0.29158301185816526,0.3493749536573887,0.640957965515554,1184,2400,1088,32,True,649
ML-KEM-768,0.1974159386008978,0.28799998108297586,0.34354208037257195,0.6315420614555478,1184,2400,1088,32,True,650
ML-KEM-768,0.1996250357478857,0.31104194931685925,0.34600007347762585,0.6570420227944851,1184,2400,1088,32,True,651
ML-KEM-768,0.19879208412021399,0.28612499590963125,0.3469999646767974,0.6331249605864286,1184,2400,1088,32,True,652
ML-KEM-768,0.1984999980777502,0.285874935798347,0.34404208417981863,0.6299170199781656,1184,2400,1088,32,True,653
ML-KEM-768,0.19824993796646595,0.28604199178516865,0.34616701304912567,0.6322090048342943,1184,2400,1088,32,True,654
ML-KEM-768,0.20362506620585918,0.28562499210238457,0.34741603303700686,0.6330410251393914,1184,2400,1088,32,True,655
ML-KEM-768,0.20420795772224665,0.28741604182869196,0.34545804373919964,0.6328740855678916,1184,2400,1088,32,True,656
ML-KEM-768,0.19712501671165228,0.2917499514296651,0.3453330136835575,0.6370829651132226,1184,2400,1088,32,True,657
ML-KEM-768,0.19716692622750998,0.2844170667231083,0.344207976013422,0.6286250427365303,1184,2400,1088,32,True,658
ML-KEM-768,0.198333989828825,0.28583407402038574,0.347791938111186,0.6336260121315718,1184,2400,1088,32,True,659
ML-KEM-768,0.19958300981670618,0.28566597029566765,0.3447500057518482,0.6304159760475159,1184,2400,1088,32,True,660
ML-KEM-768,0.2152079250663519,0.2889579627662897,0.34608307760208845,0.6350410403683782,1184,2400,1088,32,True,661
ML-KEM-768,0.20708295051008463,0.2894169883802533,0.34483405761420727,0.6342510459944606,1184,2400,1088,32,True,662
ML-KEM-768,0.1984169939532876,0.2900409745052457,0.3457500133663416,0.6357909878715873,1184,2400,1088,32,True,663
ML-KEM-768,0.19895797595381737,0.29024994000792503,0.34604198299348354,0.6362919230014086,1184,2400,1088,32,True,664
ML-KEM-768,0.20012492313981056,0.287041999399662,0.34583406522870064,0.6328760646283627,1184,2400,1088,32,True,665
ML-KEM-768,0.19837496802210808,0.2859169617295265,0.34795806277543306,0.6338750245049596,1184,2400,1088,32,True,666
ML-KEM-768,0.19829196389764547,0.2855409402400255,0.3452500095590949,0.6307909497991204,1184,2400,1088,32,True,667
ML-KEM-768,0.20045903511345387,0.28604199178516865,0.3495829878374934,0.6356249796226621,1184,2400,1088,32,True,668
ML-KEM-768,0.20433403551578522,0.44520897790789604,0.3547919914126396,0.8000009693205357,1184,2400,1088,32,True,669
ML-KEM-768,0.21058390848338604,0.293124932795763,0.34716702066361904,0.6402919534593821,1184,2400,1088,32,True,670
ML-KEM-768,0.19970897119492292,0.2887500450015068,0.34395791590213776,0.6327079609036446,1184,2400,1088,32,True,671
ML-KEM-768,0.20004098769277334,0.285874935798347,0.3477080026641488,0.6335829384624958,1184,2400,1088,32,True,672
ML-KEM-768,0.1984999980777502,0.2857500221580267,0.3435829421505332,0.6293329643085599,1184,2400,1088,32,True,673
ML-KEM-768,0.19924994558095932,0.2872080076485872,0.34516595769673586,0.6323739653453231,1184,2400,1088,32,True,674
ML-KEM-768,0.19937497563660145,0.2897090744227171,0.34499994944781065,0.6347090238705277,1184,2400,1088,32,True,675
ML-KEM-768,0.19762502051889896,0.28525001835078,0.3433750243857503,0.6286250427365303,1184,2400,1088,32,True,676
ML-KEM-768,0.19854109268635511,0.28608308639377356,0.3437920240685344,0.6298751104623079,1184,2400,1088,32,True,677
ML-KEM-768,0.1990000018849969,0.2864580601453781,0.3448330098763108,0.6312910700216889,1184,2400,1088,32,True,678
ML-KEM-768,0.1989169977605343,0.28658402152359486,0.3444589674472809,0.6310429889708757,1184,2400,1088,32,True,679
ML-KEM-768,0.1991660101339221,0.286333030089736,0.34549995325505733,0.6318329833447933,1184,2400,1088,32,True,680
ML-KEM-768,0.2609170041978359,0.3625829704105854,0.3492919495329261,0.7118749199435115,1184,2400,1088,32,True,681
ML-KEM-768,0.20283402409404516,0.28645899146795273,0.34541706554591656,0.6318760570138693,1184,2400,1088,32,True,682
ML-KEM-768,0.20112504716962576,0.2865829737856984,0.34499994944781065,0.6315829232335091,1184,2400,1088,32,True,683
ML-KEM-768,0.19679206889122725,0.28904201462864876,0.34449994564056396,0.6335419602692127,1184,2400,1088,32,True,684
ML-KEM-768,0.19716599490493536,0.2906250301748514,0.3445830661803484,0.6352080963551998,1184,2400,1088,32,True,685
ML-KEM-768,0.1972919562831521,0.2857500221580267,0.34358398988842964,0.6293340120464563,1184,2400,1088,32,True,686
ML-KEM-768,0.20262505859136581,0.28675002977252007,0.3499580780044198,0.6367081077769399,1184,2400,1088,32,True,687
ML-KEM-768,0.197957968339324,0.28675002977252007,0.34829205833375454,0.6350420881062746,1184,2400,1088,32,True,688
ML-KEM-768,0.19970897119492292,0.293959048576653,0.3462920431047678,0.6402510916814208,1184,2400,1088,32,True,689
ML-KEM-768,0.2019170206040144,0.2872080076485872,0.36112498492002487,0.6483329925686121,1184,2400,1088,32,True,690
ML-KEM-768,0.19916705787181854,0.2869160380214453,0.34549995325505733,0.6324159912765026,1184,2400,1088,32,True,691
ML-KEM-768,0.19883306231349707,0.289292074739933,0.345999957062304,0.635292031802237,1184,2400,1088,32,True,692
ML-KEM-768,0.19904202781617641,0.2869160380214453,0.34608307760208845,0.6329991156235337,1184,2400,1088,32,True,693
ML-KEM-768,0.2032499760389328,0.28620800003409386,0.3470830852165818,0.6332910852506757,1184,2400,1088,32,True,694
ML-KEM-768,0.20158395636826754,0.2867920557036996,0.34420809242874384,0.6310001481324434,1184,2400,1088,32,True,695
ML-KEM-768,0.1989169977605343,0.2863749396055937,0.34416699782013893,0.6305419374257326,1184,2400,1088,32,True,696
ML-KEM-768,0.20333402790129185,0.2975839888677001,0.34479203168302774,0.6423760205507278,1184,2400,1088,32,True,697
ML-KEM-768,0.19866705406457186,0.28662499971687794,0.34370901994407177,0.6303340196609497,1184,2400,1088,32,True,698
ML-KEM-768,0.20379095803946257,0.29495800845324993,0.3440000582486391,0.638958066701889,1184,2400,1088,32,True,699
ML-KEM-768,0.19679195247590542,0.28841604944318533,0.37104205694049597,0.6594581063836813,1184,2400,1088,32,True,700
ML-KEM-768,0.21070893853902817,0.2877089427784085,0.3487080102786422,0.6364169530570507,1184,2400,1088,32,True,701
ML-KEM-768,0.19883294589817524,0.2865829737856984,0.34458294976502657,0.631165923550725,1184,2400,1088,32,True,702
ML-KEM-768,0.19958300981670618,0.2865829737856984,0.3471249947324395,0.6337079685181379,1184,2400,1088,32,True,703
ML-KEM-768,0.2009579911828041,0.2870829775929451,0.344832893460989,0.6319158710539341,1184,2400,1088,32,True,704
ML-KEM-768,0.19862502813339233,0.28545898385345936,0.34354208037257195,0.6290010642260313,1184,2400,1088,32,True,705
ML-KEM-768,0.2026669681072235,0.2894159406423569,0.3499999875202775,0.6394159281626344,1184,2400,1088,32,True,706
ML-KEM-768,0.19929208792746067,0.2872499171644449,0.3549579996615648,0.6422079168260098,1184,2400,1088,32,True,707
ML-KEM-768,0.22312498185783625,0.3023330355063081,0.3761668922379613,0.6784999277442694,1184,2400,1088,32,True,708
ML-KEM-768,0.23624999448657036,0.349333044141531,0.34974992740899324,0.6990829715505242,1184,2400,1088,32,True,709
ML-KEM-768,0.20733301062136889,0.28729194309562445,0.34704210702329874,0.6343340501189232,1184,2400,1088,32,True,710
ML-KEM-768,0.20129198674112558,0.2902909182012081,0.34662499092519283,0.636915909126401,1184,2400,1088,32,True,711
ML-KEM-768,0.20220805890858173,0.34312508068978786,0.4214169457554817,0.7645420264452696,1184,2400,1088,32,True,712
ML-KEM-768,0.21324993576854467,0.2864999696612358,0.348874949850142,0.6353749195113778,1184,2400,1088,32,True,713
ML-KEM-768,0.20204100292176008,0.2899169921875,0.37350005004554987,0.6634170422330499,1184,2400,1088,32,True,714
ML-KEM-768,0.20429107826203108,0.29499991796910763,0.3447500057518482,0.6397499237209558,1184,2400,1088,32,True,715
ML-KEM-768,0.20158302504569292,0.2874170895665884,0.34520891495049,0.6326260045170784,1184,2400,1088,32,True,716
ML-KEM-768,0.1997080398723483,0.28775003738701344,0.3552499692887068,0.6430000066757202,1184,2400,1088,32,True,717
ML-KEM-768,0.19995903130620718,0.2928340109065175,0.3494169795885682,0.6422509904950857,1184,2400,1088,32,True,718
ML-KEM-768,0.2078750403597951,0.28787495102733374,0.35075005143880844,0.6386250024661422,1184,2400,1088,32,True,719
ML-KEM-768,0.31633302569389343,0.30204199720174074,0.34720904659479856,0.6492510437965393,1184,2400,1088,32,True,720
ML-KEM-768,0.202000024728477,0.288457958959043,0.345999957062304,0.634457916021347,1184,2400,1088,32,True,721
ML-KEM-768,0.1990000018849969,0.2907499438151717,0.3453749231994152,0.6361248670145869,1184,2400,1088,32,True,722
ML-KEM-768,0.19983306992799044,0.2936249366030097,0.3482080064713955,0.6418329430744052,1184,2400,1088,32,True,723
ML-KEM-768,0.29091699980199337,0.3376249223947525,0.3876249538734555,0.725249876268208,1184,2400,1088,32,True,724
ML-KEM-768,0.23466709535568953,0.28695794753730297,0.3512919647619128,0.6382499122992158,1184,2400,1088,32,True,725
ML-KEM-768,0.1996669452637434,0.28629100415855646,0.35174994263798,0.6380409467965364,1184,2400,1088,32,True,726
ML-KEM-768,0.2002919791266322,0.2942499704658985,0.34541706554591656,0.6396670360118151,1184,2400,1088,32,True,727
ML-KEM-768,0.20045798737555742,0.2934170188382268,0.3492089454084635,0.6426259642466903,1184,2400,1088,32,True,728
ML-KEM-768,0.22087502293288708,0.3067499492317438,0.36133406683802605,0.6680840160697699,1184,2400,1088,32,True,729
ML-KEM-768,0.19937509205192327,0.2874169731512666,0.3452079836279154,0.632624956779182,1184,2400,1088,32,True,730
ML-KEM-768,0.23404194507747889,0.30091695953160524,0.3564169164747,0.6573338760063052,1184,2400,1088,32,True,731
ML-KEM-768,0.20274997223168612,0.2921250415965915,0.34604198299348354,0.638167024590075,1184,2400,1088,32,True,732
ML-KEM-768,0.19924994558095932,0.2918749814853072,0.35033305175602436,0.6422080332413316,1184,2400,1088,32,True,733
ML-KEM-768,0.19970908761024475,0.28675002977252007,0.3446250921115279,0.631375121884048,1184,2400,1088,32,True,734
ML-KEM-768,0.19912503194063902,0.28770905919373035,0.3517919685691595,0.6395010277628899,1184,2400,1088,32,True,735
ML-KEM-768,0.19958300981670618,0.2875420032069087,0.3455840051174164,0.6331260083243251,1184,2400,1088,32,True,736
ML-KEM-768,0.20079093519598246,0.2907499438151717,0.3456250997260213,0.636375043541193,1184,2400,1088,32,True,737
ML-KEM-768,0.20283390767872334,0.28829206712543964,0.34670799504965544,0.6350000621750951,1184,2400,1088,32,True,738
ML-KEM-768,0.19958300981670618,0.2964170416817069,0.345290987752378,0.6417080294340849,1184,2400,1088,32,True,739
ML-KEM-768,0.19995903130620718,0.3085419302806258,0.36354095209389925,0.6720828823745251,1184,2400,1088,32,True,740
ML-KEM-768,0.20766700617969036,0.30658405739814043,0.38899993523955345,0.6955839926376939,1184,2400,1088,32,True,741
ML-KEM-768,0.21729199215769768,0.3286659484729171,0.3939169691875577,0.7225829176604748,1184,2400,1088,32,True,742
ML-KEM-768,0.21733297035098076,0.31091703567653894,0.38949993904680014,0.7004169747233391,1184,2400,1088,32,True,743
ML-KEM-768,0.2128329360857606,0.3029999788850546,0.3621659707278013,0.6651659496128559,1184,2400,1088,32,True,744
ML-KEM-768,0.20970799960196018,0.2994169481098652,0.358999939635396,0.6584168877452612,1184,2400,1088,32,True,745
ML-KEM-768,0.20345801021903753,0.29512494802474976,0.3577909665182233,0.652915914542973,1184,2400,1088,32,True,746
ML-KEM-768,0.20949996542185545,0.29737502336502075,0.3671250306069851,0.6645000539720058,1184,2400,1088,32,True,747
ML-KEM-768,0.20579108968377113,0.2975000534206629,0.41812495328485966,0.7156250067055225,1184,2400,1088,32,True,748
ML-KEM-768,0.22683304268866777,0.33291697036474943,0.44766708742827177,0.7805840577930212,1184,2400,1088,32,True,749
ML-KEM-768,0.21354190539568663,0.30087505001574755,0.36587496288120747,0.666750012896955,1184,2400,1088,32,True,750
ML-KEM-768,0.2108339685946703,0.29983301647007465,0.5342499352991581,0.8340829517692327,1184,2400,1088,32,True,751
ML-KEM-768,0.21299999207258224,0.30149996746331453,0.3552919952198863,0.6567919626832008,1184,2400,1088,32,True,752
ML-KEM-768,0.20408304408192635,0.3154999576508999,0.377209042198956,0.6927089998498559,1184,2400,1088,32,True,753
ML-KEM-768,0.21587498486042023,0.3114999271929264,0.37879194132983685,0.6902918685227633,1184,2400,1088,32,True,754
ML-KEM-768,0.21887500770390034,0.3766670124605298,0.5299579352140427,0.9066249476745725,1184,2400,1088,32,True,755
ML-KEM-768,0.22858299780637026,0.30933297239243984,0.36754098255187273,0.6768739549443126,1184,2400,1088,32,True,756
ML-KEM-768,0.20929193124175072,0.34674990456551313,0.3772500203922391,0.7239999249577522,1184,2400,1088,32,True,757
ML-KEM-768,0.2101670252159238,0.298958970233798,0.3626249963417649,0.661583966575563,1184,2400,1088,32,True,758
ML-KEM-768,0.20687503274530172,0.2919579856097698,0.3535829018801451,0.6455408874899149,1184,2400,1088,32,True,759
ML-KEM-768,0.20770798437297344,0.3000410506501794,0.38899993523955345,0.6890409858897328,1184,2400,1088,32,True,760
ML-KEM-768,0.2505830489099026,0.30387495644390583,0.35916699562221766,0.6630419520661235,1184,2400,1088,32,True,761
ML-KEM-768,0.19991607405245304,0.2906250301748514,0.37904095370322466,0.6696659838780761,1184,2400,1088,32,True,762
ML-KEM-768,0.20254193805158138,0.2957080723717809,0.3468750510364771,0.642583123408258,1184,2400,1088,32,True,763
ML-KEM-768,0.20304194185882807,0.2882500411942601,0.347458990290761,0.6357090314850211,1184,2400,1088,32,True,764
ML-KEM-768,0.19979197531938553,0.2876250073313713,0.34908391535282135,0.6367089226841927,1184,2400,1088,32,True,765
ML-KEM-768,0.2051249612122774,0.2957500983029604,0.34541706554591656,0.641167163848877,1184,2400,1088,32,True,766
ML-KEM-768,0.2781669609248638,0.294207944534719,0.3575830487534404,0.6517909932881594,1184,2400,1088,32,True,767
ML-KEM-768,0.20045891869813204,0.28733396902680397,0.36675005685538054,0.6540840258821845,1184,2400,1088,32,True,768
ML-KEM-768,0.19962491933256388,0.29374996665865183,0.3482089377939701,0.6419589044526219,1184,2400,1088,32,True,769
ML-KEM-768,0.19779207650572062,0.28733396902680397,0.35320897586643696,0.6405429448932409,1184,2400,1088,32,True,770
ML-KEM-768,0.20037498325109482,0.29458291828632355,0.344583997502923,0.6391669157892466,1184,2400,1088,32,True,771
ML-KEM-768,0.1995420316234231,0.28695794753730297,0.34433300606906414,0.6312909536063671,1184,2400,1088,32,True,772
ML-KEM-768,0.20204100292176008,0.3401249414309859,0.3487499197944999,0.6888748612254858,1184,2400,1088,32,True,773
ML-KEM-768,0.20037498325109482,0.2899171086028218,0.34741696435958147,0.6373340729624033,1184,2400,1088,32,True,774
ML-KEM-768,0.20712497644126415,0.29670807998627424,0.38433296140283346,0.6810410413891077,1184,2400,1088,32,True,775
ML-KEM-768,0.21808291785418987,0.3024999750778079,0.37162494845688343,0.6741249235346913,1184,2400,1088,32,True,776
ML-KEM-768,0.20054192282259464,0.2871669130399823,0.34849997609853745,0.6356668891385198,1184,2400,1088,32,True,777
ML-KEM-768,0.19870803225785494,0.2989160129800439,0.3458330174908042,0.6447490304708481,1184,2400,1088,32,True,778
ML-KEM-768,0.2001670654863119,0.3381669521331787,0.35420898348093033,0.692375935614109,1184,2400,1088,32,True,779
ML-KEM-768,0.20995899103581905,0.28970895800739527,0.3462090389803052,0.6359179969877005,1184,2400,1088,32,True,780
ML-KEM-768,0.20695896819233894,0.2862089313566685,0.345290987752378,0.6314999191090465,1184,2400,1088,32,True,781
ML-KEM-768,0.1997910439968109,0.29250001534819603,0.3453330136835575,0.6378330290317535,1184,2400,1088,32,True,782
ML-KEM-768,0.2014579949900508,0.2878329250961542,0.3467920469120145,0.6346249720081687,1184,2400,1088,32,True,783
ML-KEM-768,0.2003329573199153,0.2911669434979558,0.35324995405972004,0.6444168975576758,1184,2400,1088,32,True,784
ML-KEM-768,0.19891595002263784,0.2899579703807831,0.49758399836719036,0.7875419687479734,1184,2400,1088,32,True,785
ML-KEM-768,0.22287503816187382,0.2923749852925539,0.35820796620100737,0.6505829514935613,1184,2400,1088,32,True,786
ML-KEM-768,0.1994590274989605,0.35087508149445057,0.3821660066023469,0.7330410880967975,1184,2400,1088,32,True,787
ML-KEM-768,0.22270798217505217,0.29420899227261543,0.3462920431047678,0.6405010353773832,1184,2400,1088,32,True,788
ML-KEM-768,0.1994590274989605,0.28595898766070604,0.3440839936956763,0.6300429813563824,1184,2400,1088,32,True,789
ML-KEM-768,0.20595802925527096,0.28612499590963125,0.3475829726085067,0.6337079685181379,1184,2400,1088,32,True,790
ML-KEM-768,0.19699998665601015,0.28920802287757397,0.3997910534963012,0.6889990763738751,1184,2400,1088,32,True,791
ML-KEM-768,0.20025006961077452,0.2944578882306814,0.3449170617386699,0.6393749499693513,1184,2400,1088,32,True,792
ML-KEM-768,0.1986249117180705,0.2965830499306321,0.3447909839451313,0.6413740338757634,1184,2400,1088,32,True,793
ML-KEM-768,0.19933306612074375,0.285874935798347,0.3474999684840441,0.6333749042823911,1184,2400,1088,32,True,794
ML-KEM-768,0.19854202400892973,0.2876250073313713,0.3890000516548753,0.6766250589862466,1184,2400,1088,32,True,795
ML-KEM-768,0.22066698875278234,0.2892500488087535,0.34620799124240875,0.6354580400511622,1184,2400,1088,32,True,796
ML-KEM-768,0.2044999273493886,0.28662499971687794,0.34620799124240875,0.6328329909592867,1184,2400,1088,32,True,797
ML-KEM-768,0.2339590573683381,0.28799998108297586,0.3453749231994152,0.6333749042823911,1184,2400,1088,32,True,798
ML-KEM-768,0.20162493456155062,0.2876250073313713,0.35195902455598116,0.6395840318873525,1184,2400,1088,32,True,799
ML-KEM-768,0.19950000569224358,0.29908400028944016,0.3724590642377734,0.6715430645272136,1184,2400,1088,32,True,800
ML-KEM-768,0.21254201419651508,0.29020803049206734,0.345999957062304,0.6362079875543714,1184,2400,1088,32,True,801
ML-KEM-768,0.2007089788094163,0.30979199800640345,0.3559170290827751,0.6657090270891786,1184,2400,1088,32,True,802
ML-KEM-768,0.20029093138873577,0.29250001534819603,0.3453330136835575,0.6378330290317535,1184,2400,1088,32,True,803
ML-KEM-768,0.20487501751631498,0.2943329745903611,0.36945799365639687,0.663790968246758,1184,2400,1088,32,True,804
ML-KEM-768,0.3387909382581711,0.3134579164907336,0.34662499092519283,0.6600829074159265,1184,2400,1088,32,True,805
ML-KEM-768,0.19966601394116879,0.2876250073313713,0.3459160216152668,0.6335410289466381,1184,2400,1088,32,True,806
ML-KEM-768,0.1991249155253172,0.2871669130399823,0.3522500628605485,0.6394169759005308,1184,2400,1088,32,True,807
ML-KEM-768,0.2020419342443347,0.2856670180335641,0.34433300606906414,0.6300000241026282,1184,2400,1088,32,True,808
ML-KEM-768,0.1992079196497798,0.29179104603827,0.34529203549027443,0.6370830815285444,1184,2400,1088,32,True,809
ML-KEM-768,0.2008749870583415,0.2871250035241246,0.34558295737951994,0.6327079609036446,1184,2400,1088,32,True,810
ML-KEM-768,0.19912503194063902,0.2886670408770442,0.3532079281285405,0.6418749690055847,1184,2400,1088,32,True,811
ML-KEM-768,0.2032499760389328,0.2870409516617656,0.5420000525191426,0.8290410041809082,1184,2400,1088,32,True,812
ML-KEM-768,0.20883406978100538,0.28954201843589544,0.35054096952080727,0.6400829879567027,1184,2400,1088,32,True,813
ML-KEM-768,0.19987497944384813,0.28808298520743847,0.34616701304912567,0.6342499982565641,1184,2400,1088,32,True,814
ML-KEM-768,0.19920803606510162,0.28866599313914776,0.39066700264811516,0.6793329957872629,1184,2400,1088,32,True,815
ML-KEM-768,0.21304201800376177,0.36387506406754255,0.41633297223597765,0.7802080363035202,1184,2400,1088,32,True,816
ML-KEM-768,0.21462503354996443,0.2882499247789383,0.3504169872030616,0.6386669119819999,1184,2400,1088,32,True,817
ML-KEM-768,0.2057079691439867,0.3090410027652979,0.3566249506548047,0.6656659534201026,1184,2400,1088,32,True,818
ML-KEM-768,0.19912503194063902,0.29016693588346243,0.3457500133663416,0.635916949249804,1184,2400,1088,32,True,819
ML-KEM-768,0.19929197151213884,0.2874580677598715,0.35433308221399784,0.6417911499738693,1184,2400,1088,32,True,820
ML-KEM-768,0.1992079196497798,0.2886250149458647,0.345999957062304,0.6346249720081687,1184,2400,1088,32,True,821
ML-KEM-768,0.19991595763713121,0.3435419639572501,0.3641669172793627,0.7077088812366128,1184,2400,1088,32,True,822
ML-KEM-768,0.20641693845391273,0.28858298901468515,0.3541660262271762,0.6427490152418613,1184,2400,1088,32,True,823
ML-KEM-768,0.25095907039940357,0.3162919310852885,0.3517080331221223,0.6679999642074108,1184,2400,1088,32,True,824
ML-KEM-768,0.20329200197011232,0.2875839127227664,0.3451250959187746,0.632709008641541,1184,2400,1088,32,True,825
ML-KEM-768,0.19987497944384813,0.2883330453187227,0.3452919190749526,0.6336249643936753,1184,2400,1088,32,True,826
ML-KEM-768,0.1989590236917138,0.2873750636354089,0.34679193049669266,0.6341669941321015,1184,2400,1088,32,True,827
ML-KEM-768,0.19829196389764547,0.2869170857593417,0.3450000658631325,0.6319171516224742,1184,2400,1088,32,True,828
ML-KEM-768,0.19937497563660145,0.28604199178516865,0.3470000810921192,0.6330420728772879,1184,2400,1088,32,True,829
ML-KEM-768,0.19833305850625038,0.28695794753730297,0.3452500095590949,0.6322079570963979,1184,2400,1088,32,True,830
ML-KEM-768,0.19837496802210808,0.28679100796580315,0.34458294976502657,0.6313739577308297,1184,2400,1088,32,True,831
ML-KEM-768,0.19958300981670618,0.28504093643277884,0.343875028192997,0.6289159646257758,1184,2400,1088,32,True,832
ML-KEM-768,0.19941595382988453,0.28620800003409386,0.34508295357227325,0.6312909536063671,1184,2400,1088,32,True,833
ML-KEM-768,0.1984169939532876,0.2871250035241246,0.345999957062304,0.6331249605864286,1184,2400,1088,32,True,834
ML-KEM-768,0.20045798737555742,0.28679100796580315,0.37079094909131527,0.6575819570571184,1184,2400,1088,32,True,835
ML-KEM-768,0.2507499884814024,0.31062494963407516,0.3642919473350048,0.67491689696908,1184,2400,1088,32,True,836
ML-KEM-768,0.2008749870583415,0.28924993239343166,0.3512089606374502,0.6404588930308819,1184,2400,1088,32,True,837
ML-KEM-768,0.1985409762710333,0.2897079102694988,0.3481670282781124,0.6378749385476112,1184,2400,1088,32,True,838
ML-KEM-768,0.2060839906334877,0.28583407402038574,0.3450840013101697,0.6309180753305554,1184,2400,1088,32,True,839
ML-KEM-768,0.19812490791082382,0.28908392414450645,0.3510839305818081,0.6401678547263145,1184,2400,1088,32,True,840
ML-KEM-768,0.19695900846272707,0.3755000652745366,0.35270804073661566,0.7282081060111523,1184,2400,1088,32,True,841
ML-KEM-768,0.2061669947579503,0.2874999772757292,0.34854200202971697,0.6360419793054461,1184,2400,1088,32,True,842
ML-KEM-768,0.1989169977605343,0.2898749662563205,0.3453330136835575,0.635207979939878,1184,2400,1088,32,True,843
ML-KEM-768,0.1978749642148614,0.2870000898838043,0.3451670054346323,0.6321670953184366,1184,2400,1088,32,True,844
ML-KEM-768,0.19941607024520636,0.28837507124990225,0.34504092764109373,0.633415998890996,1184,2400,1088,32,True,845
ML-KEM-768,0.19950000569224358,0.2872920595109463,0.345999957062304,0.6332920165732503,1184,2400,1088,32,True,846
ML-KEM-768,0.19904202781617641,0.28787495102733374,0.43941696640104055,0.7272919174283743,1184,2400,1088,32,True,847
ML-KEM-768,0.22083392832428217,0.28924993239343166,0.35583297722041607,0.6450829096138477,1184,2400,1088,32,True,848
ML-KEM-768,0.2074160147458315,0.2922500716522336,0.3458749270066619,0.6381249986588955,1184,2400,1088,32,True,849
ML-KEM-768,0.2063749125227332,0.2921250415965915,0.3457090351730585,0.63783407676965,1184,2400,1088,32,True,850
ML-KEM-768,0.1987079158425331,0.2869160380214453,0.3448330098763108,0.6317490478977561,1184,2400,1088,32,True,851
ML-KEM-768,0.1994590274989605,0.28891698457300663,0.3600410418584943,0.6489580264315009,1184,2400,1088,32,True,852
ML-KEM-768,0.2025000285357237,0.28666702564805746,0.46616699546575546,0.7528340211138129,1184,2400,1088,32,True,853
ML-KEM-768,0.20479201339185238,0.2958340337499976,0.3579590702429414,0.653793103992939,1184,2400,1088,32,True,854
ML-KEM-768,0.19958300981670618,0.28791697695851326,0.3452500095590949,0.6331669865176082,1184,2400,1088,32,True,855
ML-KEM-768,0.19758299458771944,0.2870000898838043,0.3454160178080201,0.6324161076918244,1184,2400,1088,32,True,856
ML-KEM-768,0.19920803606510162,0.2902079140767455,0.34816598054021597,0.6383738946169615,1184,2400,1088,32,True,857
ML-KEM-768,0.20120793487876654,0.28787506744265556,0.34616701304912567,0.6340420804917812,1184,2400,1088,32,True,858
ML-KEM-768,0.19833294209092855,0.35920797381550074,0.4024580121040344,0.7616659859195352,1184,2400,1088,32,True,859
ML-KEM-768,0.22333406377583742,0.294207944534719,0.35383296199142933,0.6480409065261483,1184,2400,1088,32,True,860
ML-KEM-768,0.2001670654863119,0.2876661019399762,0.35745801869779825,0.6451241206377745,1184,2400,1088,32,True,861
ML-KEM-768,0.20179199054837227,0.2971250796690583,0.3468339564278722,0.6439590360969305,1184,2400,1088,32,True,862
ML-KEM-768,0.199749949388206,0.2877080114558339,0.44237496331334114,0.730082974769175,1184,2400,1088,32,True,863
ML-KEM-768,0.2079169498756528,0.29166601598262787,0.3553749993443489,0.6470410153269768,1184,2400,1088,32,True,864
ML-KEM-768,0.19958300981670618,0.28783304151147604,0.34662499092519283,0.6344580324366689,1184,2400,1088,32,True,865
ML-KEM-768,0.20070793107151985,0.28841709718108177,0.34916598815470934,0.6375830853357911,1184,2400,1088,32,True,866
ML-KEM-768,0.19987497944384813,0.28733396902680397,0.34550006967037916,0.6328340386971831,1184,2400,1088,32,True,867
ML-KEM-768,0.20041607785969973,0.28766703326255083,0.3457500133663416,0.6334170466288924,1184,2400,1088,32,True,868
ML-KEM-768,0.2020830288529396,0.2874580677598715,0.3455409314483404,0.6329989992082119,1184,2400,1088,32,True,869
ML-KEM-768,0.1989169977605343,0.2870409516617656,0.34495803993195295,0.6319989915937185,1184,2400,1088,32,True,870
ML-KEM-768,0.3599580377340317,0.33295899629592896,0.34912500996142626,0.6820840062573552,1184,2400,1088,32,True,871
ML-KEM-768,0.21454202942550182,0.28799998108297586,0.3462090389803052,0.6342090200632811,1184,2400,1088,32,True,872
ML-KEM-768,0.20849995780736208,0.29087497387081385,0.3458750434219837,0.6367500172927976,1184,2400,1088,32,True,873
ML-KEM-768,0.20195799879729748,0.2921659033745527,0.34616701304912567,0.6383329164236784,1184,2400,1088,32,True,874
ML-KEM-768,0.19966706167906523,0.29012502636760473,0.34550006967037916,0.6356250960379839,1184,2400,1088,32,True,875
ML-KEM-768,0.19870803225785494,0.2892500488087535,0.3447079798206687,0.6339580286294222,1184,2400,1088,32,True,876
ML-KEM-768,0.19883294589817524,0.2871250035241246,0.34899997990578413,0.6361249834299088,1184,2400,1088,32,True,877
ML-KEM-768,0.199749949388206,0.2937091048806906,0.34679193049669266,0.6405010353773832,1184,2400,1088,32,True,878
ML-KEM-768,0.20008301362395287,0.2888330491259694,0.34591706935316324,0.6347501184791327,1184,2400,1088,32,True,879
ML-KEM-768,0.2021249383687973,0.2880840329453349,0.34483405761420727,0.6329180905595422,1184,2400,1088,32,True,880
ML-KEM-768,0.1990830060094595,0.28675002977252007,0.34529203549027443,0.6320420652627945,1184,2400,1088,32,True,881
ML-KEM-768,0.2022079424932599,0.2891670446842909,0.3547919914126396,0.6439590360969305,1184,2400,1088,32,True,882
ML-KEM-768,0.20433403551578522,0.2894169883802533,0.3466659691184759,0.6360829574987292,1184,2400,1088,32,True,883
ML-KEM-768,0.19995798356831074,0.28691592160612345,0.3753750352188945,0.6622909568250179,1184,2400,1088,32,True,884
ML-KEM-768,0.20224996842443943,0.2882499247789383,0.346291926689446,0.6345418514683843,1184,2400,1088,32,True,885
ML-KEM-768,0.20016601774841547,0.2894999925047159,0.3462081076577306,0.6357081001624465,1184,2400,1088,32,True,886
ML-KEM-768,0.2030420582741499,0.2876250073313713,0.3447500057518482,0.6323750130832195,1184,2400,1088,32,True,887
ML-KEM-768,0.20037498325109482,0.2877089427784085,0.34483405761420727,0.6325430003926158,1184,2400,1088,32,True,888
ML-KEM-768,0.20020792726427317,0.2965000458061695,0.34537503961473703,0.6418750854209065,1184,2400,1088,32,True,889
ML-KEM-768,0.19966706167906523,0.2862500259652734,0.3435419639572501,0.6297919899225235,1184,2400,1088,32,True,890
ML-KEM-768,0.20341691561043262,0.2911669434979558,0.34899997990578413,0.6401669234037399,1184,2400,1088,32,True,891
ML-KEM-768,0.19912503194063902,0.28670893516391516,0.34429191146045923,0.6310008466243744,1184,2400,1088,32,True,892
ML-KEM-768,0.2090419875457883,0.28833397664129734,0.3464160254225135,0.6347500020638108,1184,2400,1088,32,True,893
ML-KEM-768,0.20150002092123032,0.2891670446842909,0.34620799124240875,0.6353750359266996,1184,2400,1088,32,True,894
ML-KEM-768,0.20000000949949026,0.28650008607655764,0.344583997502923,0.6310840835794806,1184,2400,1088,32,True,895
ML-KEM-768,0.1989169977605343,0.288125011138618,0.34974992740899324,0.6378749385476112,1184,2400,1088,32,True,896
ML-KEM-768,0.1997910439968109,0.2912079216912389,0.3458330174908042,0.6370409391820431,1184,2400,1088,32,True,897
ML-KEM-768,0.19937497563660145,0.2863339614123106,0.3477080026641488,0.6340419640764594,1184,2400,1088,32,True,898
ML-KEM-768,0.20195799879729748,0.2882910193875432,0.34541694913059473,0.6337079685181379,1184,2400,1088,32,True,899
ML-KEM-768,0.2003329573199153,0.286665977910161,0.3450419753789902,0.6317079532891512,1184,2400,1088,32,True,900
ML-KEM-768,0.2090419875457883,0.29820797499269247,0.3722079563885927,0.6704159313812852,1184,2400,1088,32,True,901
ML-KEM-768,0.20704208873212337,0.2958329860121012,0.35041605588048697,0.6462490418925881,1184,2400,1088,32,True,902
ML-KEM-768,0.2007500734180212,0.29258395079523325,0.36437506787478924,0.6569590186700225,1184,2400,1088,32,True,903
ML-KEM-768,0.2060839906334877,0.298958970233798,0.36450009793043137,0.6634590681642294,1184,2400,1088,32,True,904
ML-KEM-768,0.208917073905468,0.2966660540550947,0.3590829437598586,0.6557489978149533,1184,2400,1088,32,True,905
ML-KEM-768,0.20612496882677078,0.2960410201922059,0.3612919244915247,0.6573329446837306,1184,2400,1088,32,True,906
ML-KEM-768,0.21104200277477503,0.2981669967994094,0.36283303052186966,0.661000027321279,1184,2400,1088,32,True,907
ML-KEM-768,0.21191593259572983,0.3457500133663416,0.3939579473808408,0.7397079607471824,1184,2400,1088,32,True,908
ML-KEM-768,0.2217079745605588,0.3231250448152423,0.4147080471739173,0.7378330919891596,1184,2400,1088,32,True,909
ML-KEM-768,0.20341610070317984,0.29091699980199337,0.3529581008478999,0.6438751006498933,1184,2400,1088,32,True,910
ML-KEM-768,0.2025000285357237,0.28891698457300663,0.3475839039310813,0.6365008885040879,1184,2400,1088,32,True,911
ML-KEM-768,0.2013330813497305,0.2877080114558339,0.35133305937051773,0.6390410708263516,1184,2400,1088,32,True,912
ML-KEM-768,0.202000024728477,0.28808298520743847,0.34666701685637236,0.6347500020638108,1184,2400,1088,32,True,913
ML-KEM-768,0.19950000569224358,0.29262504540383816,0.34975004382431507,0.6423750892281532,1184,2400,1088,32,True,914
ML-KEM-768,0.2015409991145134,0.2887919545173645,0.3487090580165386,0.6375010125339031,1184,2400,1088,32,True,915
ML-KEM-768,0.20100001711398363,0.28733303770422935,0.34591706935316324,0.6332501070573926,1184,2400,1088,32,True,916
ML-KEM-768,0.20116695668548346,0.288125011138618,0.3476670244708657,0.6357920356094837,1184,2400,1088,32,True,917
ML-KEM-768,0.20216696429997683,0.28808298520743847,0.346458051353693,0.6345410365611315,1184,2400,1088,32,True,918
ML-KEM-768,0.20025006961077452,0.2887500450015068,0.3480830928310752,0.636833137832582,1184,2400,1088,32,True,919
ML-KEM-768,0.3064170014113188,0.3563750069588423,0.3673330647870898,0.7237080717459321,1184,2400,1088,32,True,920
ML-KEM-768,0.21037505939602852,0.3005419857800007,0.3678749781101942,0.6684169638901949,1184,2400,1088,32,True,921
ML-KEM-768,0.2388750435784459,0.3125410294160247,0.3636250039562583,0.676166033372283,1184,2400,1088,32,True,922
ML-KEM-768,0.20716700237244368,0.29812497086822987,0.3617500187829137,0.6598749896511436,1184,2400,1088,32,True,923
ML-KEM-768,0.20866701379418373,0.2980409190058708,0.35754102282226086,0.6555819418281317,1184,2400,1088,32,True,924
ML-KEM-768,0.20649994257837534,0.2975839888677001,0.3588749095797539,0.656458898447454,1184,2400,1088,32,True,925
ML-KEM-768,0.20858296193182468,0.29891706071794033,0.3570839762687683,0.6560010369867086,1184,2400,1088,32,True,926
ML-KEM-768,0.20583299919962883,0.29695802368223667,0.3577909665182233,0.65474899020046,1184,2400,1088,32,True,927
ML-KEM-768,0.20604103337973356,0.30633294954895973,0.3581669880077243,0.664499937556684,1184,2400,1088,32,True,928
ML-KEM-768,0.20595802925527096,0.30283303931355476,0.35870797000825405,0.6615410093218088,1184,2400,1088,32,True,929
ML-KEM-768,0.2057909732684493,0.2976669929921627,0.3611251013353467,0.6587920943275094,1184,2400,1088,32,True,930
ML-KEM-768,0.20637502893805504,0.30087505001574755,0.48454105854034424,0.7854161085560918,1184,2400,1088,32,True,931
ML-KEM-768,0.2014579949900508,0.28775003738701344,0.34604198299348354,0.633792020380497,1184,2400,1088,32,True,932
ML-KEM-768,0.20066695287823677,0.28795795515179634,0.346834072843194,0.6347920279949903,1184,2400,1088,32,True,933
ML-KEM-768,0.19954098388552666,0.28895901050418615,0.34733396023511887,0.636292970739305,1184,2400,1088,32,True,934
ML-KEM-768,0.19683304708451033,0.2876250073313713,0.34604198299348354,0.6336669903248549,1184,2400,1088,32,True,935
ML-KEM-768,0.19937497563660145,0.28854096308350563,0.3464169567450881,0.6349579198285937,1184,2400,1088,32,True,936
ML-KEM-768,0.19987497944384813,0.28787495102733374,0.34554197918623686,0.6334169302135706,1184,2400,1088,32,True,937
ML-KEM-768,0.20074995700269938,0.28908299282193184,0.3477080026641488,0.6367909954860806,1184,2400,1088,32,True,938
ML-KEM-768,0.19970792345702648,0.28854096308350563,0.3474170807749033,0.6359580438584089,1184,2400,1088,32,True,939
ML-KEM-768,0.20074995700269938,0.28849998489022255,0.34666701685637236,0.6351670017465949,1184,2400,1088,32,True,940
ML-KEM-768,0.20204205065965652,0.2904590219259262,0.347707886248827,0.6381669081747532,1184,2400,1088,32,True,941
ML-KEM-768,0.20004098769277334,0.2893749624490738,0.34675002098083496,0.6361249834299088,1184,2400,1088,32,True,942
ML-KEM-768,0.2004159614443779,0.38216705434024334,0.3964999923482537,0.7786670466884971,1184,2400,1088,32,True,943
ML-KEM-768,0.22200006060302258,0.3054579719901085,0.3600419731810689,0.6654999451711774,1184,2400,1088,32,True,944
ML-KEM-768,0.20662497263401747,0.29812497086822987,0.3636670298874378,0.6617920007556677,1184,2400,1088,32,True,945
ML-KEM-768,0.20679202862083912,0.2977909753099084,0.4113329341635108,0.7091239094734192,1184,2400,1088,32,True,946
ML-KEM-768,0.208458979614079,0.29745895881205797,0.3569589462131262,0.6544179050251842,1184,2400,1088,32,True,947
ML-KEM-768,0.2140828873962164,0.3083330811932683,0.3607500111684203,0.6690830923616886,1184,2400,1088,32,True,948
ML-KEM-768,0.21179206669330597,0.3005419857800007,0.3590829437598586,0.6596249295398593,1184,2400,1088,32,True,949
ML-KEM-768,0.20679098088294268,0.298250000923872,0.36574993282556534,0.6639999337494373,1184,2400,1088,32,True,950
ML-KEM-768,0.2079169498756528,0.3096660366281867,0.3634580643847585,0.6731241010129452,1184,2400,1088,32,True,951
ML-KEM-768,0.2061250852420926,0.3373750951141119,0.3611670108512044,0.6985421059653163,1184,2400,1088,32,True,952
ML-KEM-768,0.20245800260454416,0.2953748917207122,0.34962501376867294,0.6449999054893851,1184,2400,1088,32,True,953
ML-KEM-768,0.20091701298952103,0.2875829814001918,0.3510420210659504,0.6386250024661422,1184,2400,1088,32,True,954
ML-KEM-768,0.1997080398723483,0.28783304151147604,0.352208036929369,0.640041078440845,1184,2400,1088,32,True,955
ML-KEM-768,0.20191608928143978,0.2881670370697975,0.34541706554591656,0.6335841026157141,1184,2400,1088,32,True,956
ML-KEM-768,0.2002919791266322,0.28849998489022255,0.34612498711794615,0.6346249720081687,1184,2400,1088,32,True,957
ML-KEM-768,0.20416593179106712,0.28966704849153757,0.3462500171735883,0.6359170656651258,1184,2400,1088,32,True,958
ML-KEM-768,0.2057079691439867,0.28908299282193184,0.34662510734051466,0.6357081001624465,1184,2400,1088,32,True,959
ML-KEM-768,0.2010409953072667,0.29616698157042265,0.35133399069309235,0.647500972263515,1184,2400,1088,32,True,960
ML-KEM-768,0.19804202020168304,0.2882089465856552,0.3468339564278722,0.6350429030135274,1184,2400,1088,32,True,961
ML-KEM-768,0.19904202781617641,0.288833980448544,0.3503750776872039,0.6392090581357479,1184,2400,1088,32,True,962
ML-KEM-768,0.19991700537502766,0.288125011138618,0.34554197918623686,0.6336669903248549,1184,2400,1088,32,True,963
ML-KEM-768,0.19970792345702648,0.2876659855246544,0.345290987752378,0.6329569732770324,1184,2400,1088,32,True,964
ML-KEM-768,0.2007089788094163,0.29308407101780176,0.3467090427875519,0.6397931138053536,1184,2400,1088,32,True,965
ML-KEM-768,0.19774993415921926,0.28787495102733374,0.35191699862480164,0.6397919496521354,1184,2400,1088,32,True,966
ML-KEM-768,0.1990000018849969,0.29079208616167307,0.35216694232076406,0.6429590284824371,1184,2400,1088,32,True,967
ML-KEM-768,0.199749949388206,0.2862500259652734,0.345290987752378,0.6315410137176514,1184,2400,1088,32,True,968
ML-KEM-768,0.20333402790129185,0.2950840862467885,0.3528749803081155,0.647959066554904,1184,2400,1088,32,True,969
ML-KEM-768,0.1991249155253172,0.2930830232799053,0.3476249985396862,0.6407080218195915,1184,2400,1088,32,True,970
ML-KEM-768,0.20020792726427317,0.2910830080509186,0.3525000065565109,0.6435830146074295,1184,2400,1088,32,True,971
ML-KEM-768,0.20091701298952103,0.29070896562188864,0.3469170769676566,0.6376260425895452,1184,2400,1088,32,True,972
ML-KEM-768,0.20112493075430393,0.2882500411942601,0.3539590397849679,0.642209080979228,1184,2400,1088,32,True,973
ML-KEM-768,0.20170805510133505,0.28966600075364113,0.3528749803081155,0.6425409810617566,1184,2400,1088,32,True,974
ML-KEM-768,0.19937497563660145,0.288125011138618,0.34616701304912567,0.6342920241877437,1184,2400,1088,32,True,975
ML-KEM-768,0.19945797976106405,0.28799998108297586,0.34904200583696365,0.6370419869199395,1184,2400,1088,32,True,976
ML-KEM-768,0.33287506084889174,0.3333750646561384,0.34870789386332035,0.6820829585194588,1184,2400,1088,32,True,977
ML-KEM-768,0.19816705025732517,0.28541695792227983,0.37295802030712366,0.6583749782294035,1184,2400,1088,32,True,978
ML-KEM-768,0.2002919791266322,0.28908299282193184,0.3447079798206687,0.6337909726426005,1184,2400,1088,32,True,979
ML-KEM-768,0.20045903511345387,0.2886250149458647,0.3523329505696893,0.640957965515554,1184,2400,1088,32,True,980
ML-KEM-768,0.1992079196497798,0.2875420032069087,0.3457089187577367,0.6332509219646454,1184,2400,1088,32,True,981
ML-KEM-768,0.1991660101339221,0.28725003357976675,0.34562498331069946,0.6328750168904662,1184,2400,1088,32,True,982
ML-KEM-768,0.1984999980777502,0.2863749396055937,0.34487503580749035,0.631249975413084,1184,2400,1088,32,True,983
ML-KEM-768,0.20004098769277334,0.29045797418802977,0.3458749270066619,0.6363329011946917,1184,2400,1088,32,True,984
ML-KEM-768,0.19937509205192327,0.2869580639526248,0.3453749231994152,0.63233298715204,1184,2400,1088,32,True,985
ML-KEM-768,0.20154204685240984,0.28725003357976675,0.3464160254225135,0.6336660590022802,1184,2400,1088,32,True,986
ML-KEM-768,0.19816600251942873,0.28733292128890753,0.34537503961473703,0.6327079609036446,1184,2400,1088,32,True,987
ML-KEM-768,0.1990000018849969,0.29016705229878426,0.4165830323472619,0.7067500846460462,1184,2400,1088,32,True,988
ML-KEM-768,0.23145799059420824,0.2995829563587904,0.3559580072760582,0.6555409636348486,1184,2400,1088,32,True,989
ML-KEM-768,0.2169169019907713,0.33245806116610765,0.3503750776872039,0.6828331388533115,1184,2400,1088,32,True,990
ML-KEM-768,0.20095903892070055,0.28737494722008705,0.34566596150398254,0.6330409087240696,1184,2400,1088,32,True,991
ML-KEM-768,0.2002089750021696,0.2880000974982977,0.34775002859532833,0.635750126093626,1184,2400,1088,32,True,992
ML-KEM-768,0.19979197531938553,0.2862500259652734,0.3440829459577799,0.6303329719230533,1184,2400,1088,32,True,993
ML-KEM-768,0.19937509205192327,0.2900830004364252,0.34487503580749035,0.6349580362439156,1184,2400,1088,32,True,994
ML-KEM-768,0.20312494598329067,0.28804095927625895,0.34479203168302774,0.6328329909592867,1184,2400,1088,32,True,995
ML-KEM-768,0.1990830060094595,0.2871250035241246,0.3835409879684448,0.6706659914925694,1184,2400,1088,32,True,996
ML-KEM-768,0.2010409953072667,0.29137497767806053,0.3458750434219837,0.6372500211000443,1184,2400,1088,32,True,997
ML-KEM-768,0.19983400125056505,0.28658402152359486,0.34495897125452757,0.6315429927781224,1184,2400,1088,32,True,998
ML-KEM-768,0.19912503194063902,0.28683303389698267,0.3667089622467756,0.6535419961437583,1184,2400,1088,32,True,999
ML-KEM-768,0.20124996080994606,0.28729101177304983,0.34904200583696365,0.6363330176100135,1184,2400,1088,32,True,1000
