algorithm,key_generation_ms,encapsulation_ms,decapsulation_ms,exchange_ms,public_key_size,private_key_size,ciphertext_size,shared_secret_size,success,iteration
RSA-2048,31.094042002223432,0.08616701234132051,2.124208025634289,2.2103750379756093,294,1217,256,32,True,1
RSA-2048,123.35350003559142,0.08641695603728294,2.132958034053445,2.219374990090728,294,1218,256,32,True,2
RSA-2048,32.031457987613976,0.10016700252890587,2.165708923712373,2.2658759262412786,294,1217,256,32,True,3
RSA-2048,96.9515839824453,0.09512505494058132,2.135167014785111,2.2302920697256923,294,1217,256,32,True,4
RSA-2048,55.93183299060911,0.09033293463289738,2.148041967302561,2.238374901935458,294,1218,256,32,True,5
RSA-2048,109.24954095389694,0.09300000965595245,2.2680830443277955,2.361083053983748,294,1216,256,32,True,6
RSA-2048,63.36995796300471,0.08820800576359034,2.1894590463489294,2.2776670521125197,294,1217,256,32,True,7
RSA-2048,155.472332960926,0.09887490887194872,2.1329999435693026,2.2318748524412513,294,1217,256,32,True,8
RSA-2048,138.1455829832703,0.09062502067536116,2.179041039198637,2.269666059873998,294,1217,256,32,True,9
RSA-2048,27.99820899963379,0.08299993351101875,2.121665980666876,2.2046659141778946,294,1217,256,32,True,10
RSA-2048,73.90004093758762,0.09908294305205345,2.1471669897437096,2.246249932795763,294,1216,256,32,True,11
RSA-2048,51.98624997865409,0.09450002107769251,2.215582993812859,2.3100830148905516,294,1219,256,32,True,12
RSA-2048,50.48391700256616,0.0868749339133501,2.1597089944407344,2.2465839283540845,294,1218,256,32,True,13
RSA-2048,87.44320797268301,0.08820800576359034,2.1487079793587327,2.236915985122323,294,1216,256,32,True,14
RSA-2048,46.80654196999967,0.07595797069370747,2.1547499345615506,2.230707905255258,294,1218,256,32,True,15
RSA-2048,42.252250015735626,0.1052080187946558,2.146625076420605,2.251833095215261,294,1217,256,32,True,16
RSA-2048,34.7183330450207,0.09083305485546589,2.262583002448082,2.353416057303548,294,1218,256,32,True,17
RSA-2048,56.24075001105666,0.09374995715916157,2.177792019210756,2.2715419763699174,294,1216,256,32,True,18
RSA-2048,27.350082993507385,0.09437499102205038,2.1810410544276237,2.275416045449674,294,1218,256,32,True,19
RSA-2048,48.43129205983132,0.08283299393951893,2.130541019141674,2.213374013081193,294,1217,256,32,True,20
RSA-2048,127.6940000243485,0.09983300697058439,2.1172090200707316,2.217042027041316,294,1217,256,32,True,21
RSA-2048,63.16445907577872,0.09016599506139755,2.1484160097315907,2.2385820047929883,294,1217,256,32,True,22
RSA-2048,89.46483302861452,0.06916699931025505,2.149707986973226,2.218874986283481,294,1216,256,32,True,23
RSA-2048,67.094000056386,0.09062502067536116,2.1452909568324685,2.2359159775078297,294,1216,256,32,True,24
RSA-2048,92.84945903345942,0.11045800056308508,2.1407909225672483,2.2512489231303334,294,1217,256,32,True,25
RSA-2048,26.212166994810104,0.0879999715834856,2.1636669989675283,2.251666970551014,294,1217,256,32,True,26
RSA-2048,86.757457931526,0.08091703057289124,2.1514580585062504,2.2323750890791416,294,1216,256,32,True,27
RSA-2048,78.14062491524965,0.09129103273153305,2.123583108186722,2.214874140918255,294,1217,256,32,True,28
RSA-2048,106.87662498094141,0.08283299393951893,2.135041984729469,2.2178749786689878,294,1216,256,32,True,29
RSA-2048,27.91679196525365,0.06195809692144394,2.0960409892722964,2.1579990861937404,294,1217,256,32,True,30
RSA-2048,172.57933400105685,0.09324995335191488,2.139125019311905,2.23237497266382,294,1217,256,32,True,31
RSA-2048,69.70941589679569,0.11604197788983583,2.182499971240759,2.2985419491305947,294,1217,256,32,True,32
RSA-2048,25.661082938313484,0.06562506314367056,2.08883301820606,2.1544580813497305,294,1217,256,32,True,33
RSA-2048,43.156125000678,0.09066704660654068,2.087416942231357,2.1780839888378978,294,1217,256,32,True,34
RSA-2048,53.08774998411536,0.06729189772158861,2.1368750603869557,2.2041669581085443,294,1217,256,32,True,35
RSA-2048,130.1322920480743,0.11404103133827448,2.1645419765263796,2.278583007864654,294,1218,256,32,True,36
RSA-2048,33.69329194538295,0.08345802780240774,2.1528330398723483,2.236291067674756,294,1217,256,32,True,37
RSA-2048,43.636417016386986,0.09858293924480677,2.132207970134914,2.2307909093797207,294,1216,256,32,True,38
RSA-2048,46.89237498678267,0.093833077698946,2.1618750179186463,2.2557080956175923,294,1218,256,32,True,39
RSA-2048,40.845375042408705,0.09008299093693495,2.245167037472129,2.335250028409064,294,1217,256,32,True,40
RSA-2048,136.39233307912946,0.1041659852489829,2.215083921328187,2.31924990657717,294,1215,256,32,True,41
RSA-2048,122.73783306591213,0.09087496437132359,2.1287909476086497,2.2196659119799733,294,1217,256,32,True,42
RSA-2048,108.42941689770669,0.08512497879564762,2.1216670284047723,2.20679200720042,294,1217,256,32,True,43
RSA-2048,92.01587492134422,0.09104202035814524,2.1924999309703708,2.283541951328516,294,1218,256,32,True,44
RSA-2048,73.11912497971207,0.09741599205881357,2.12470896076411,2.2221249528229237,294,1217,256,32,True,45
RSA-2048,41.45591694395989,0.09062502067536116,2.168750041164458,2.259375061839819,294,1218,256,32,True,46
RSA-2048,27.619041968137026,0.09491690434515476,2.1511249942705035,2.2460418986156583,294,1217,256,32,True,47
RSA-2048,39.56895798910409,0.09537499863654375,2.15466704685241,2.2500420454889536,294,1219,256,32,True,48
RSA-2048,135.11612499132752,0.09183294605463743,2.144583035260439,2.2364159813150764,294,1217,256,32,True,49
RSA-2048,101.17954201996326,0.09387510363012552,2.133833011612296,2.2277081152424216,294,1216,256,32,True,50
RSA-2048,85.59683302883059,0.09791599586606026,2.1372910123318434,2.2352070081979036,294,1216,256,32,True,51
RSA-2048,60.95520895905793,0.08133403025567532,2.171957981772721,2.253292012028396,294,1217,256,32,True,52
RSA-2048,154.8029159894213,0.11504197027534246,2.173125045374036,2.2881670156493783,294,1218,256,32,True,53
RSA-2048,257.9520420404151,0.09266601409763098,2.263708971440792,2.356374985538423,294,1218,256,32,True,54
RSA-2048,30.852542025968432,0.07737509440630674,2.142874989658594,2.220250084064901,294,1218,256,32,True,55
RSA-2048,119.2071660188958,0.09579199831932783,2.2003339836373925,2.2961259819567204,294,1218,256,32,True,56
RSA-2048,60.420542024075985,0.11154101230204105,2.295584068633616,2.407125080935657,294,1217,256,32,True,57
RSA-2048,82.09100004751235,0.08758297190070152,2.097667078487575,2.1852500503882766,294,1218,256,32,True,58
RSA-2048,81.42983308061957,0.08545804303139448,2.301083062775433,2.3865411058068275,294,1217,256,32,True,59
RSA-2048,105.23604101035744,0.10208296589553356,2.369792084209621,2.4718750501051545,294,1216,256,32,True,60
RSA-2048,42.11145802401006,0.1433329889550805,2.214708016254008,2.3580410052090883,294,1217,256,32,True,61
RSA-2048,89.6827089600265,0.08991698268800974,2.2581249941140413,2.348041976802051,294,1219,256,32,True,62
RSA-2048,31.80795896332711,0.08091598283499479,2.124875085428357,2.205791068263352,294,1217,256,32,True,63
RSA-2048,98.76016702037305,0.09799993131309748,2.16766691301018,2.2656668443232775,294,1216,256,32,True,64
RSA-2048,153.85762508958578,0.10299996938556433,2.173334010876715,2.2763339802622795,294,1219,256,32,True,65
RSA-2048,14.711707946844399,0.1026670215651393,2.310666022822261,2.4133330443874,294,1216,256,32,True,66
RSA-2048,33.51937502156943,0.08649996016174555,2.135082962922752,2.2215829230844975,294,1217,256,32,True,67
RSA-2048,49.89024996757507,0.08604209870100021,2.2481250343844295,2.3341671330854297,294,1218,256,32,True,68
RSA-2048,25.202459073625505,0.095625058747828,2.2797079291194677,2.3753329878672957,294,1218,256,32,True,69
RSA-2048,49.30454201530665,0.08408306166529655,2.2627089638262987,2.3467920254915953,294,1216,256,32,True,70
RSA-2048,70.72541699744761,0.10504201054573059,2.3244170006364584,2.429459011182189,294,1219,256,32,True,71
RSA-2048,118.12433297745883,0.09970797691494226,2.3699579760432243,2.4696659529581666,294,1218,256,32,True,72
RSA-2048,33.6772499140352,0.11570798233151436,2.1305419504642487,2.246249932795763,294,1216,256,32,True,73
RSA-2048,60.93458307441324,0.12075004633516073,2.390249981544912,2.5110000278800726,294,1219,256,32,True,74
RSA-2048,78.05362495128065,0.11854199692606926,2.344624954275787,2.463166951201856,294,1217,256,32,True,75
RSA-2048,30.329333967529237,0.13095804024487734,2.3170419735834002,2.4480000138282776,294,1216,256,32,True,76
RSA-2048,21.259292028844357,0.08791708387434483,2.209707978181541,2.297625062055886,294,1217,256,32,True,77
RSA-2048,55.21904199849814,0.09041698649525642,2.162541961297393,2.2529589477926493,294,1217,256,32,True,78
RSA-2048,130.34179201349616,0.08716597221791744,2.1667919354513288,2.253957907669246,294,1216,256,32,True,79
RSA-2048,35.2887500775978,0.06395799573510885,2.240624977275729,2.304582973010838,294,1217,256,32,True,80
RSA-2048,37.228417000733316,0.061583006754517555,2.1406669402495027,2.20224994700402,294,1217,256,32,True,81
RSA-2048,76.48341602180153,0.1076660118997097,2.263749949634075,2.371415961533785,294,1216,256,32,True,82
RSA-2048,28.112082974985242,0.08104194421321154,2.1342920372262597,2.2153339814394712,294,1218,256,32,True,83
RSA-2048,71.95216603577137,0.09341700933873653,2.1243749652057886,2.217791974544525,294,1217,256,32,True,84
RSA-2048,70.03645796794444,0.11987495236098766,2.4363750126212835,2.556249964982271,294,1217,256,32,True,85
RSA-2048,52.184500033035874,0.09770796168595552,2.1687920670956373,2.266500028781593,294,1217,256,32,True,86
RSA-2048,43.09191706124693,0.11404103133827448,2.169625018723309,2.2836660500615835,294,1217,256,32,True,87
RSA-2048,89.50320910662413,0.09075005073100328,2.1606669761240482,2.2514170268550515,294,1218,256,32,True,88
RSA-2048,48.5622079577297,0.08895806968212128,2.133374917320907,2.2223329870030284,294,1217,256,32,True,89
RSA-2048,19.727834034711123,0.06595905870199203,2.1458329865708947,2.2117920452728868,294,1217,256,32,True,90
RSA-2048,23.38970801793039,0.0665000407025218,2.3990420158952475,2.4655420565977693,294,1218,256,32,True,91
RSA-2048,116.06254207435995,0.0944170169532299,2.234750078059733,2.329167095012963,294,1216,256,32,True,92
RSA-2048,110.14287499710917,0.10737497359514236,2.170124906115234,2.2774998797103763,294,1215,256,32,True,93
RSA-2048,37.67704090569168,0.13441697228699923,2.191541949287057,2.325958921574056,294,1216,256,32,True,94
RSA-2048,29.916708008386195,0.1117080682888627,2.1852500503882766,2.2969581186771393,294,1218,256,32,True,95
RSA-2048,14.820416923612356,0.07250008638948202,2.169499988667667,2.242000075057149,294,1218,256,32,True,96
RSA-2048,42.97624994069338,0.07454201113432646,2.133667003363371,2.2082090144976974,294,1219,256,32,True,97
RSA-2048,116.60733399912715,0.09154202416539192,2.1423751022666693,2.233917126432061,294,1217,256,32,True,98
RSA-2048,85.79779195133597,0.15483296010643244,2.1828330354765058,2.337665995582938,294,1217,256,32,True,99
RSA-2048,66.9822080526501,0.17625000327825546,2.3407089756801724,2.516958978958428,294,1217,256,32,True,100
RSA-2048,30.428375001065433,0.10845798533409834,2.326125046238303,2.4345830315724015,294,1216,256,32,True,101
RSA-2048,40.23325000889599,0.11608307249844074,2.1872500656172633,2.303333138115704,294,1219,256,32,True,102
RSA-2048,32.743209041655064,0.09550002869218588,2.16533406637609,2.260834095068276,294,1218,256,32,True,103
RSA-2048,42.801290983334184,0.09350001346319914,2.179292030632496,2.272792044095695,294,1218,256,32,True,104
RSA-2048,27.11958298459649,0.091583002358675,2.237499924376607,2.329082926735282,294,1218,256,32,True,105
RSA-2048,105.40912498254329,0.08695805445313454,2.178416936658323,2.2653749911114573,294,1216,256,32,True,106
RSA-2048,72.91849993634969,0.10479195043444633,2.1768329897895455,2.281624940223992,294,1217,256,32,True,107
RSA-2048,141.8044170131907,0.18954207189381123,2.2119999630376697,2.401542034931481,294,1217,256,32,True,108
RSA-2048,110.40058301296085,0.09245797991752625,2.1639169426634908,2.256374922581017,294,1216,256,32,True,109
RSA-2048,184.45300008170307,0.09941693861037493,2.1164159988984466,2.2158329375088215,294,1218,256,32,True,110
RSA-2048,237.99258307553828,0.09708304423838854,2.1686669206246734,2.265749964863062,294,1217,256,32,True,111
RSA-2048,72.67262495588511,0.09329209569841623,2.1583749912679195,2.2516670869663358,294,1217,256,32,True,112
RSA-2048,62.45954195037484,0.13420800678431988,2.2652080515399575,2.3994160583242774,294,1217,256,32,True,113
RSA-2048,216.81937505491078,0.09237497579306364,2.2315410897135735,2.323916065506637,294,1216,256,32,True,114
RSA-2048,63.75899992417544,0.08833303581923246,2.1722089732065797,2.260542009025812,294,1217,256,32,True,115
RSA-2048,114.09979104064405,0.1045420067384839,2.1337500074878335,2.2382920142263174,294,1216,256,32,True,116
RSA-2048,78.36262497585267,0.09191699791699648,2.238832996226847,2.3307499941438437,294,1216,256,32,True,117
RSA-2048,128.322041942738,0.10575004853308201,2.315041027031839,2.420791075564921,294,1217,256,32,True,118
RSA-2048,133.55770893394947,0.08804106619209051,2.1261670626699924,2.214208128862083,294,1217,256,32,True,119
RSA-2048,80.85029106587172,0.08979195263236761,2.1475839894264936,2.2373759420588613,294,1218,256,32,True,120
RSA-2048,60.395624954253435,0.08666596841067076,2.14179209433496,2.2284580627456307,294,1218,256,32,True,121
RSA-2048,44.027665979228914,0.07591699250042439,2.135957940481603,2.2118749329820275,294,1218,256,32,True,122
RSA-2048,68.0194579763338,0.0827079638838768,2.1910000359639525,2.2737079998478293,294,1218,256,32,True,123
RSA-2048,37.2091670287773,0.06779097020626068,2.1634589647874236,2.2312499349936843,294,1218,256,32,True,124
RSA-2048,70.05291595123708,0.10312499944120646,2.239417051896453,2.3425420513376594,294,1218,256,32,True,125
RSA-2048,27.77699998114258,0.10229193139821291,2.236582920886576,2.338874852284789,294,1217,256,32,True,126
RSA-2048,17.125916085205972,0.09391701314598322,2.3567089810967445,2.4506259942427278,294,1218,256,32,True,127
RSA-2048,84.00104101747274,0.1260829158127308,2.1632499992847443,2.289332915097475,294,1217,256,32,True,128
RSA-2048,94.07570795156062,0.09016599506139755,2.1379999816417694,2.228165976703167,294,1217,256,32,True,129
RSA-2048,13.994000037200749,0.06608304101973772,2.123125013895333,2.1892080549150705,294,1218,256,32,True,130
RSA-2048,56.99587496928871,0.07295794785022736,2.1095420233905315,2.182499971240759,294,1216,256,32,True,131
RSA-2048,156.46562504116446,0.06562506314367056,2.224833006039262,2.2904580691829324,294,1218,256,32,True,132
RSA-2048,45.39500002283603,0.08295790757983923,2.109459019266069,2.192416926845908,294,1217,256,32,True,133
RSA-2048,36.73183300998062,0.06983301136642694,2.151792054064572,2.221625065430999,294,1218,256,32,True,134
RSA-2048,169.72208302468061,0.06908306386321783,2.1311669843271375,2.2002500481903553,294,1217,256,32,True,135
RSA-2048,61.37725000735372,0.10599999222904444,2.217500004917383,2.3234999971464276,294,1218,256,32,True,136
RSA-2048,38.8601659797132,0.09829201735556126,2.2495000157505274,2.3477920331060886,294,1217,256,32,True,137
RSA-2048,38.69887499604374,0.09412493091076612,2.1612499840557575,2.2553749149665236,294,1216,256,32,True,138
RSA-2048,88.47825007978827,0.09179103653877974,2.193375024944544,2.2851660614833236,294,1218,256,32,True,139
RSA-2048,58.67812503129244,0.07304106839001179,2.1452499786391854,2.218291047029197,294,1214,256,32,True,140
RSA-2048,88.71791593264788,0.09866699110716581,2.1184170618653297,2.2170840529724956,294,1218,256,32,True,141
RSA-2048,24.463500012643635,0.08941697888076305,2.130540902726352,2.2199578816071153,294,1215,256,32,True,142
RSA-2048,62.97254201490432,0.09837502148002386,2.154582994990051,2.2529580164700747,294,1217,256,32,True,143
RSA-2048,48.851665924303234,0.09554193820804358,2.1658340701833367,2.2613760083913803,294,1217,256,32,True,144
RSA-2048,55.65870797727257,0.09358301758766174,2.185499994084239,2.2790830116719007,294,1217,256,32,True,145
RSA-2048,47.6869170088321,0.09408302139490843,2.2025840589776635,2.296667080372572,294,1217,256,32,True,146
RSA-2048,36.16812499240041,0.09212503209710121,2.143707941286266,2.235832973383367,294,1217,256,32,True,147
RSA-2048,85.75695799663663,0.09104202035814524,2.2429170785471797,2.333959098905325,294,1217,256,32,True,148
RSA-2048,48.44770801719278,0.08820800576359034,2.1334170596674085,2.221625065430999,294,1217,256,32,True,149
RSA-2048,69.3582909880206,0.06233400199562311,2.1163749042898417,2.1787089062854648,294,1217,256,32,True,150
RSA-2048,168.67304197512567,0.11141702998429537,2.1524999756366014,2.263917005620897,294,1218,256,32,True,151
RSA-2048,64.22145792748779,0.08983304724097252,2.2785000037401915,2.368333050981164,294,1216,256,32,True,152
RSA-2048,47.937165945768356,0.08875003550201654,2.1668749395757914,2.255624975077808,294,1217,256,32,True,153
RSA-2048,82.92095898650587,0.07016700692474842,2.147249993868172,2.2174170007929206,294,1219,256,32,True,154
RSA-2048,206.9826249498874,0.10633294004946947,2.0937080262228847,2.200040966272354,294,1218,256,32,True,155
RSA-2048,25.848124991171062,0.07774995174258947,2.2153749596327543,2.293124911375344,294,1218,256,32,True,156
RSA-2048,227.18787495978177,0.08741708006709814,2.117375028319657,2.204792108386755,294,1219,256,32,True,157
RSA-2048,177.87050001788884,0.09624997619539499,2.12958303745836,2.225833013653755,294,1218,256,32,True,158
RSA-2048,56.85874994378537,0.09270792361348867,2.1460000425577164,2.238707966171205,294,1217,256,32,True,159
RSA-2048,51.88270902726799,0.08983397856354713,2.2240409161895514,2.3138748947530985,294,1216,256,32,True,160
RSA-2048,80.54220804478973,0.0930840615183115,2.141291042789817,2.2343751043081284,294,1217,256,32,True,161
RSA-2048,25.11720801703632,0.08208293002098799,2.1958330180495977,2.2779159480705857,294,1217,256,32,True,162
RSA-2048,44.160792022012174,0.11149991769343615,5.419582943432033,5.531082861125469,294,1217,256,32,True,163
RSA-2048,83.28716596588492,0.08812500163912773,2.233416074886918,2.321541076526046,294,1217,256,32,True,164
RSA-2048,19.24616703763604,0.06595801096409559,2.1404169965535402,2.206375007517636,294,1217,256,32,True,165
RSA-2048,45.912250061519444,0.06758293602615595,2.117666997946799,2.1852499339729548,294,1218,256,32,True,166
RSA-2048,80.55474993307143,0.08483300916850567,2.1230410784482956,2.2078740876168013,294,1218,256,32,True,167
RSA-2048,87.46545796748251,0.06379198748618364,2.165250014513731,2.2290420019999146,294,1217,256,32,True,168
RSA-2048,54.57104207016528,0.1253749942407012,2.1816659718751907,2.307040966115892,294,1218,256,32,True,169
RSA-2048,71.85733306687325,0.09379105176776648,2.243792056106031,2.3375831078737974,294,1217,256,32,True,170
RSA-2048,19.598333979956806,0.06841705180704594,2.16283299960196,2.231250051409006,294,1217,256,32,True,171
RSA-2048,29.78566603269428,0.06333307828754187,2.1356251090765,2.198958187364042,294,1216,256,32,True,172
RSA-2048,105.81370792351663,0.0753339845687151,2.174125052988529,2.2494590375572443,294,1217,256,32,True,173
RSA-2048,77.2057919530198,0.08633302059024572,2.1517499117180705,2.2380829323083162,294,1217,256,32,True,174
RSA-2048,124.04212506953627,0.08029199671000242,2.119458047673106,2.1997500443831086,294,1217,256,32,True,175
RSA-2048,286.75970900803804,0.08995796088129282,2.1219169721007347,2.2118749329820275,294,1219,256,32,True,176
RSA-2048,220.85041692480445,0.1397499581798911,2.1483750315383077,2.2881249897181988,294,1216,256,32,True,177
RSA-2048,63.49924998357892,0.08341704960912466,2.1620829356834292,2.245499985292554,294,1217,256,32,True,178
RSA-2048,123.56016598641872,0.08645793423056602,2.105750027112663,2.192207961343229,294,1218,256,32,True,179
RSA-2048,35.08612501900643,0.07241696584969759,2.1407920867204666,2.213209052570164,294,1217,256,32,True,180
RSA-2048,43.76429202966392,0.06116705480962992,2.088374923914671,2.149541978724301,294,1218,256,32,True,181
RSA-2048,181.8888339912519,0.13345805928111076,2.13591696228832,2.269375021569431,294,1217,256,32,True,182
RSA-2048,35.47541692387313,0.07845798972994089,2.1432499634101987,2.2217079531401396,294,1218,256,32,True,183
RSA-2048,21.07374998740852,0.06945792119950056,2.243667026050389,2.3131249472498894,294,1217,256,32,True,184
RSA-2048,167.02925006393343,0.08899997919797897,2.1207910031080246,2.2097909823060036,294,1217,256,32,True,185
RSA-2048,37.04587498214096,0.06429199129343033,2.1260420326143503,2.1903340239077806,294,1216,256,32,True,186
RSA-2048,43.07333298493177,0.06595801096409559,2.152833971194923,2.2187919821590185,294,1218,256,32,True,187
RSA-2048,28.10970798600465,0.06804207805544138,2.1533750696107745,2.221417147666216,294,1217,256,32,True,188
RSA-2048,42.16800001449883,0.0641250517219305,2.1347079891711473,2.198833040893078,294,1217,256,32,True,189
RSA-2048,15.897374949418008,0.09062502067536116,2.105291932821274,2.195916953496635,294,1216,256,32,True,190
RSA-2048,62.94395891018212,0.0913750845938921,2.191959065385163,2.283334149979055,294,1218,256,32,True,191
RSA-2048,155.12141690123826,0.09537499863654375,2.1739999065175653,2.269374905154109,294,1217,256,32,True,192
RSA-2048,30.327790998853743,0.06879190914332867,2.142542041838169,2.2113339509814978,294,1218,256,32,True,193
RSA-2048,80.2497499389574,0.0725829740986228,2.152084023691714,2.2246669977903366,294,1217,256,32,True,194
RSA-2048,24.978875066153705,0.06199989002197981,2.1434590453282,2.2054589353501797,294,1216,256,32,True,195
RSA-2048,47.15654195751995,0.08454197086393833,2.084249979816377,2.1687919506803155,294,1216,256,32,True,196
RSA-2048,140.94483305234462,0.0885410699993372,2.1870420314371586,2.275583101436496,294,1216,256,32,True,197
RSA-2048,110.78250000718981,0.09016599506139755,2.1362080005928874,2.226373995654285,294,1217,256,32,True,198
RSA-2048,187.25800001993775,0.0903749605640769,2.2225420689210296,2.3129170294851065,294,1217,256,32,True,199
RSA-2048,47.548834001645446,0.09333400521427393,2.113124937750399,2.206458942964673,294,1218,256,32,True,200
RSA-2048,152.1683339960873,0.09579199831932783,2.1638749167323112,2.259666915051639,294,1217,256,32,True,201
RSA-2048,106.05370905250311,0.08933304343372583,2.1013750229030848,2.1907080663368106,294,1217,256,32,True,202
RSA-2048,212.79408398550004,0.0963329803198576,2.210875041782856,2.3072080221027136,294,1217,256,32,True,203
RSA-2048,36.121750017628074,0.101707992143929,2.1165419602766633,2.2182499524205923,294,1218,256,32,True,204
RSA-2048,85.97537502646446,0.12337497901171446,2.1180830663070083,2.2414580453187227,294,1218,256,32,True,205
RSA-2048,65.57791703380644,0.09341607801616192,2.1362920524552464,2.2297081304714084,294,1217,256,32,True,206
RSA-2048,142.15149998199195,0.09258394129574299,2.1474160021170974,2.2399999434128404,294,1216,256,32,True,207
RSA-2048,36.840957938693464,0.07162499241530895,2.130458946339786,2.202083938755095,294,1218,256,32,True,208
RSA-2048,99.67629099264741,0.09450002107769251,2.196250017732382,2.2907500388100743,294,1217,256,32,True,209
RSA-2048,104.15825003292412,0.09374995715916157,2.19308293890208,2.2868328960612416,294,1218,256,32,True,210
RSA-2048,114.80650003068149,0.08966703899204731,2.1635839948430657,2.253251033835113,294,1217,256,32,True,211
RSA-2048,24.366167024709284,0.06845896132290363,2.141707926057279,2.2101668873801827,294,1218,256,32,True,212
RSA-2048,21.534458035603166,0.07533305324614048,2.152708009816706,2.2280410630628467,294,1217,256,32,True,213
RSA-2048,24.16783303488046,0.07945892866700888,2.1524999756366014,2.2319589043036103,294,1215,256,32,True,214
RSA-2048,94.02879106346518,0.09045808110386133,2.1406669402495027,2.231125021353364,294,1216,256,32,True,215
RSA-2048,76.35641598608345,0.07233396172523499,2.137749921530485,2.21008388325572,294,1218,256,32,True,216
RSA-2048,140.17237490043044,0.08754199370741844,2.168084029108286,2.2556260228157043,294,1215,256,32,True,217
RSA-2048,29.55645800102502,0.07241696584969759,2.1181670017540455,2.190583967603743,294,1216,256,32,True,218
RSA-2048,139.52783297281712,0.08762499783188105,2.1432921057567,2.230917103588581,294,1218,256,32,True,219
RSA-2048,35.867666942067444,0.07312500383704901,2.148292027413845,2.221417031250894,294,1217,256,32,True,220
RSA-2048,86.65508299600333,0.09233294986188412,2.115249983035028,2.207582932896912,294,1218,256,32,True,221
RSA-2048,20.084750023670495,0.09958294685930014,2.1684159291908145,2.2679988760501146,294,1217,256,32,True,222
RSA-2048,39.68229109887034,0.06600003689527512,2.107416046783328,2.173416083678603,294,1216,256,32,True,223
RSA-2048,162.28445898741484,0.08483405690640211,2.11237499024719,2.197209047153592,294,1219,256,32,True,224
RSA-2048,29.465915984474123,0.06374996155500412,2.1623329957947135,2.2260829573497176,294,1217,256,32,True,225
RSA-2048,136.00008306093514,0.07104198448359966,2.1300000371411443,2.201042021624744,294,1216,256,32,True,226
RSA-2048,107.44024999439716,0.08958298712968826,2.1532090613618493,2.2427920484915376,294,1217,256,32,True,227
RSA-2048,19.082541926763952,0.0624579843133688,2.12304200977087,2.185499994084239,294,1217,256,32,True,228
RSA-2048,97.47237502597272,0.07004104554653168,2.1316249622032046,2.2016660077497363,294,1216,256,32,True,229
RSA-2048,97.49883296899498,0.07633306086063385,2.1610830444842577,2.2374161053448915,294,1218,256,32,True,230
RSA-2048,28.740040957927704,0.07850001566112041,2.162541961297393,2.2410419769585133,294,1216,256,32,True,231
RSA-2048,85.64345794729888,0.11650007218122482,2.144583035260439,2.2610831074416637,294,1217,256,32,True,232
RSA-2048,51.5409589279443,0.07508299313485622,2.1483750315383077,2.223458024673164,294,1217,256,32,True,233
RSA-2048,141.54895907267928,0.08004205301404,2.15012498665601,2.23016703967005,294,1217,256,32,True,234
RSA-2048,54.106916999444366,0.06991694681346416,2.1155410213395953,2.1854579681530595,294,1218,256,32,True,235
RSA-2048,132.46929098386317,0.14237500727176666,2.1577919833362103,2.300166990607977,294,1216,256,32,True,236
RSA-2048,54.332916042767465,0.0827909680083394,2.155749942176044,2.2385409101843834,294,1218,256,32,True,237
RSA-2048,65.07420889101923,0.062249950133264065,2.1654999582096934,2.2277499083429575,294,1217,256,32,True,238
RSA-2048,64.09012502990663,0.0705840066075325,2.138082985766232,2.2086669923737645,294,1216,256,32,True,239
RSA-2048,34.1902090003714,0.0687920255586505,2.1248329430818558,2.1936249686405063,294,1218,256,32,True,240
RSA-2048,29.25691695418209,0.06849993951618671,2.200750051997602,2.2692499915137887,294,1219,256,32,True,241
RSA-2048,71.6991670196876,0.06908399518579245,2.084416104480624,2.1535000996664166,294,1218,256,32,True,242
RSA-2048,77.40691700018942,0.08083297871053219,2.1192500134930015,2.2000829922035336,294,1218,256,32,True,243
RSA-2048,152.04408403951675,0.10508403647691011,2.1556660067290068,2.260750043205917,294,1218,256,32,True,244
RSA-2048,22.77058409526944,0.10362500324845314,2.149208914488554,2.252833917737007,294,1219,256,32,True,245
RSA-2048,59.06383297406137,0.07187505252659321,2.1161659387871623,2.1880409913137555,294,1216,256,32,True,246
RSA-2048,61.75554101355374,0.09341700933873653,2.1835840307176113,2.277001040056348,294,1217,256,32,True,247
RSA-2048,141.75983297172934,0.08875003550201654,2.1986670326441526,2.287417068146169,294,1217,256,32,True,248
RSA-2048,119.56749996170402,0.06629200652241707,2.1080420119687915,2.1743340184912086,294,1217,256,32,True,249
RSA-2048,73.53254104964435,0.06408407352864742,2.207165933214128,2.2712500067427754,294,1218,256,32,True,250
RSA-2048,97.16241690330207,0.0688750296831131,2.136916038580239,2.205791068263352,294,1218,256,32,True,251
RSA-2048,46.60900007002056,0.09408302139490843,2.1322499960660934,2.226333017461002,294,1218,256,32,True,252
RSA-2048,136.67437492404133,0.0783340074121952,2.1179579198360443,2.1962919272482395,294,1217,256,32,True,253
RSA-2048,130.49666699953377,0.08987495675683022,2.106750034727156,2.1966249914839864,294,1219,256,32,True,254
RSA-2048,86.68737497646362,0.06183399818837643,2.0972919883206487,2.159125986509025,294,1217,256,32,True,255
RSA-2048,161.2940418999642,0.08779100608080626,2.1642089122906327,2.251999918371439,294,1216,256,32,True,256
RSA-2048,129.89408301655203,0.07145898416638374,2.1428329637274146,2.2142919478937984,294,1216,256,32,True,257
RSA-2048,261.0052080126479,0.16316690016537905,2.2372499806806445,2.4004168808460236,294,1217,256,32,True,258
RSA-2048,39.27254199516028,0.065416912548244,2.104082959704101,2.169499872252345,294,1216,256,32,True,259
RSA-2048,64.73862496204674,0.06320804823189974,2.1255830070003867,2.1887910552322865,294,1217,256,32,True,260
RSA-2048,105.57133296970278,0.09741703979671001,2.129083964973688,2.226501004770398,294,1217,256,32,True,261
RSA-2048,41.65716702118516,0.07925007957965136,2.1575000137090683,2.2367500932887197,294,1214,256,32,True,262
RSA-2048,129.65604197233915,0.11112494394183159,2.156374976038933,2.2674999199807644,294,1216,256,32,True,263
RSA-2048,94.03849998489022,0.09275006595999002,2.2235000506043434,2.3162501165643334,294,1217,256,32,True,264
RSA-2048,75.69937501102686,0.13037503231316805,2.1526250056922436,2.2830000380054116,294,1217,256,32,True,265
RSA-2048,90.24708298966289,0.0831669894978404,2.1279581123963,2.2111251018941402,294,1217,256,32,True,266
RSA-2048,38.48766698502004,0.07079204078763723,2.187040983699262,2.2578330244868994,294,1218,256,32,True,267
RSA-2048,52.91941703762859,0.09829201735556126,2.164833014830947,2.263125032186508,294,1218,256,32,True,268
RSA-2048,56.47637497168034,0.08150003850460052,2.1474999375641346,2.228999976068735,294,1218,256,32,True,269
RSA-2048,35.373458988033235,0.087916967459023,2.132624969817698,2.220541937276721,294,1218,256,32,True,270
RSA-2048,40.81691708415747,0.10341603774577379,2.180707990191877,2.2841240279376507,294,1216,256,32,True,271
RSA-2048,77.81766704283655,0.13941701035946608,2.1863749716430902,2.3257919820025563,294,1217,256,32,True,272
RSA-2048,72.66587496269494,0.08208304643630981,2.209791913628578,2.291874960064888,294,1218,256,32,True,273
RSA-2048,74.17849998455495,0.09004108142107725,2.138416050001979,2.228457131423056,294,1219,256,32,True,274
RSA-2048,154.45679100230336,0.1099579967558384,2.130041946657002,2.2399999434128404,294,1217,256,32,True,275
RSA-2048,22.16233406215906,0.06170803681015968,2.123125013895333,2.1848330507054925,294,1217,256,32,True,276
RSA-2048,46.60504206549376,0.08525000885128975,2.1725830156356096,2.2578330244868994,294,1217,256,32,True,277
RSA-2048,45.005833031609654,0.06550003308802843,2.1742499666288495,2.239749999716878,294,1217,256,32,True,278
RSA-2048,52.667667041532695,0.09479199070483446,2.1165419602766633,2.2113339509814978,294,1217,256,32,True,279
RSA-2048,95.33174999523908,0.10704097803682089,2.2822499740868807,2.3892909521237016,294,1218,256,32,True,280
RSA-2048,20.041958894580603,0.07925007957965136,2.1603750064969063,2.2396250860765576,294,1217,256,32,True,281
RSA-2048,50.867415964603424,0.08141703438013792,2.1335830679163337,2.2150001022964716,294,1217,256,32,True,282
RSA-2048,102.4181250249967,0.07524993270635605,2.1688330452889204,2.2440829779952765,294,1217,256,32,True,283
RSA-2048,158.79554103594273,0.1331249950453639,2.1900420542806387,2.3231670493260026,294,1216,256,32,True,284
RSA-2048,16.554333036765456,0.07112498860806227,2.1383330458775163,2.2094580344855785,294,1218,256,32,True,285
RSA-2048,57.88524996023625,0.06483402103185654,2.1329999435693026,2.197833964601159,294,1217,256,32,True,286
RSA-2048,98.01716706715524,0.0677499920129776,2.124125021509826,2.191875013522804,294,1217,256,32,True,287
RSA-2048,58.00691701006144,0.06508408114314079,2.102083060890436,2.167167142033577,294,1216,256,32,True,288
RSA-2048,33.45120802987367,0.0676250783726573,2.151166903786361,2.2187919821590185,294,1217,256,32,True,289
RSA-2048,39.90862506907433,0.061125028878450394,2.1320419618859887,2.193166990764439,294,1219,256,32,True,290
RSA-2048,54.153291042894125,0.06954104173928499,2.1617088932543993,2.2312499349936843,294,1219,256,32,True,291
RSA-2048,115.54975004401058,0.0724580604583025,2.1193750435486436,2.191833104006946,294,1217,256,32,True,292
RSA-2048,71.09504099935293,0.14658295549452305,2.1959160221740603,2.3424989776685834,294,1217,256,32,True,293
RSA-2048,60.35254197195172,0.08466595318168402,2.1312499884516,2.215915941633284,294,1216,256,32,True,294
RSA-2048,84.8586659412831,0.08450006134808064,2.1776659414172173,2.262166002765298,294,1217,256,32,True,295
RSA-2048,115.19116698764265,0.0892499228939414,2.1777499932795763,2.2669999161735177,294,1217,256,32,True,296
RSA-2048,150.62362502794713,0.08425000123679638,2.19408399425447,2.2783339954912663,294,1217,256,32,True,297
RSA-2048,105.07133300416172,0.14212506357580423,2.1567499497905374,2.2988750133663416,294,1217,256,32,True,298
RSA-2048,138.27474997378886,0.09708397556096315,2.2174579789862037,2.314541954547167,294,1219,256,32,True,299
RSA-2048,56.82024999987334,0.08762499783188105,2.1557920845225453,2.2434170823544264,294,1217,256,32,True,300
RSA-2048,39.95570901315659,0.07475004531443119,2.111624926328659,2.1863749716430902,294,1217,256,32,True,301
RSA-2048,69.06333297956735,0.09475008118897676,2.151333959773183,2.2460840409621596,294,1217,256,32,True,302
RSA-2048,79.89987498149276,0.08966599125415087,2.1657919278368354,2.2554579190909863,294,1218,256,32,True,303
RSA-2048,24.908042047172785,0.06620795466005802,2.14712496381253,2.213332918472588,294,1218,256,32,True,304
RSA-2048,86.07208298053592,0.10579102672636509,2.155583002604544,2.2613740293309093,294,1218,256,32,True,305
RSA-2048,65.30762498732656,0.08345895912498236,2.1566249197348952,2.2400838788598776,294,1216,256,32,True,306
RSA-2048,47.79137496370822,0.06720796227455139,2.09950003772974,2.1667080000042915,294,1217,256,32,True,307
RSA-2048,89.2083749640733,0.12862507719546556,2.2684589494019747,2.3970840265974402,294,1217,256,32,True,308
RSA-2048,89.98216700274497,0.10045897215604782,2.268959069624543,2.369418041780591,294,1217,256,32,True,309
RSA-2048,73.81154200993478,0.08687505032867193,2.111540990881622,2.1984160412102938,294,1217,256,32,True,310
RSA-2048,79.8505829880014,0.07233291398733854,2.1109170047566295,2.183249918743968,294,1216,256,32,True,311
RSA-2048,138.6400000192225,0.09008310735225677,2.1484160097315907,2.2384991170838475,294,1219,256,32,True,312
RSA-2048,24.236666038632393,0.06616697646677494,2.1519589936360717,2.2181259701028466,294,1216,256,32,True,313
RSA-2048,25.094125070609152,0.06679201032966375,2.148499945178628,2.2152919555082917,294,1218,256,32,True,314
RSA-2048,52.86625004373491,0.09670807048678398,2.1760830422863364,2.2727911127731204,294,1218,256,32,True,315
RSA-2048,66.13379204645753,0.09087496437132359,2.152874949388206,2.2437499137595296,294,1219,256,32,True,316
RSA-2048,102.76179190259427,0.08783407974988222,2.199916052632034,2.287750132381916,294,1217,256,32,True,317
RSA-2048,81.40983304474503,0.10012497659772635,2.163750003091991,2.2638749796897173,294,1218,256,32,True,318
RSA-2048,123.28399997204542,0.101707992143929,2.2096249740570784,2.3113329662010074,294,1215,256,32,True,319
RSA-2048,66.97354197967798,0.11920894030481577,2.149375039152801,2.268583979457617,294,1217,256,32,True,320
RSA-2048,25.430000037886202,0.0631249276921153,2.1067920606583357,2.169916988350451,294,1219,256,32,True,321
RSA-2048,71.6990000801161,0.06237498018890619,2.1609170362353325,2.2232920164242387,294,1217,256,32,True,322
RSA-2048,50.18416699022055,0.06450002547353506,2.1088329376652837,2.1733329631388187,294,1218,256,32,True,323
RSA-2048,163.81679195910692,0.1335830893367529,2.264083013869822,2.397666103206575,294,1218,256,32,True,324
RSA-2048,101.84108302928507,0.09162502828985453,2.164833014830947,2.2564580431208014,294,1217,256,32,True,325
RSA-2048,100.86300002876669,0.06766605656594038,2.112458925694227,2.1801249822601676,294,1218,256,32,True,326
RSA-2048,53.83854196406901,0.07179193198680878,2.1318329963833094,2.203624928370118,294,1218,256,32,True,327
RSA-2048,91.54708299320191,0.0914169941097498,2.125500002875924,2.216916996985674,294,1217,256,32,True,328
RSA-2048,81.29704208113253,0.06287498399615288,2.137084025889635,2.199959009885788,294,1217,256,32,True,329
RSA-2048,14.810332912020385,0.06062502507120371,2.1336659556254745,2.194290980696678,294,1217,256,32,True,330
RSA-2048,58.90358309261501,0.08537503890693188,2.2837920114398003,2.369167050346732,294,1216,256,32,True,331
RSA-2048,88.54816702660173,0.09099999442696571,2.146874903701246,2.2378748981282115,294,1219,256,32,True,332
RSA-2048,28.311209054663777,0.06925000343471766,2.107792068272829,2.1770420717075467,294,1216,256,32,True,333
RSA-2048,73.76245898194611,0.08758297190070152,2.144541940651834,2.2321249125525355,294,1217,256,32,True,334
RSA-2048,54.01270801667124,0.07987499702721834,2.131666988134384,2.2115419851616025,294,1218,256,32,True,335
RSA-2048,58.63099999260157,0.08749996777623892,2.112208981998265,2.1997089497745037,294,1217,256,32,True,336
RSA-2048,147.8781250771135,0.1163750421255827,2.1476669935509562,2.264042035676539,294,1217,256,32,True,337
RSA-2048,110.54370796773583,0.11154194362461567,2.1459170384332538,2.2574589820578694,294,1216,256,32,True,338
RSA-2048,33.96537492517382,0.10858301538974047,2.2145831026136875,2.323166118003428,294,1219,256,32,True,339
RSA-2048,31.672541983425617,0.08541694842278957,2.0960000110790133,2.181416959501803,294,1219,256,32,True,340
RSA-2048,128.06708295829594,0.08166604675352573,2.129125059582293,2.2107911063358188,294,1217,256,32,True,341
RSA-2048,110.21195794455707,0.07079099304974079,2.3710409877821803,2.441831980831921,294,1217,256,32,True,342
RSA-2048,52.92566597927362,0.09308394510298967,2.1162090124562383,2.209292957559228,294,1217,256,32,True,343
RSA-2048,80.93595900572836,0.07837498560547829,2.155250054784119,2.2336250403895974,294,1217,256,32,True,344
RSA-2048,74.6120410040021,0.06962497718632221,2.112459042109549,2.1820840192958713,294,1217,256,32,True,345
RSA-2048,86.63058304227889,0.0760830007493496,2.1692090667784214,2.245292067527771,294,1216,256,32,True,346
RSA-2048,31.774417031556368,0.0652919989079237,2.1449169144034386,2.2102089133113623,294,1216,256,32,True,347
RSA-2048,52.737707970663905,0.08637493010610342,2.152250031940639,2.2386249620467424,294,1217,256,32,True,348
RSA-2048,34.17391702532768,0.11941604316234589,2.143166959285736,2.262583002448082,294,1217,256,32,True,349
RSA-2048,83.25450005941093,0.08729100227355957,2.244083909317851,2.3313749115914106,294,1218,256,32,True,350
RSA-2048,33.51258300244808,0.08641602471470833,2.1559169981628656,2.242333022877574,294,1218,256,32,True,351
RSA-2048,57.121124933473766,0.06687501445412636,2.132333000190556,2.1992080146446824,294,1216,256,32,True,352
RSA-2048,67.98525003250688,0.06983394268900156,2.199833048507571,2.269666991196573,294,1216,256,32,True,353
RSA-2048,63.53320798370987,0.07108296267688274,2.0934169879183173,2.1644999505952,294,1217,256,32,True,354
RSA-2048,127.67224991694093,0.10170903988182545,2.171625033952296,2.2733340738341212,294,1217,256,32,True,355
RSA-2048,48.021874972619116,0.07037492468953133,2.1103330655023456,2.180707990191877,294,1218,256,32,True,356
RSA-2048,95.42145801242441,0.06687501445412636,2.1180419716984034,2.1849169861525297,294,1218,256,32,True,357
RSA-2048,62.30529199820012,0.09908294305205345,2.1538749570026994,2.252957900054753,294,1216,256,32,True,358
RSA-2048,45.5253750551492,0.07404095958918333,2.1423749858513474,2.2164159454405308,294,1217,256,32,True,359
RSA-2048,49.01287506800145,0.07808301597833633,2.25575000513345,2.3338330211117864,294,1216,256,32,True,360
RSA-2048,65.64316607546061,0.07262500002980232,2.173749962821603,2.246374962851405,294,1218,256,32,True,361
RSA-2048,49.889624933712184,0.10358297731727362,2.171750064007938,2.2753330413252115,294,1217,256,32,True,362
RSA-2048,49.01104199234396,0.0813750084489584,2.2223329870030284,2.303707995451987,294,1217,256,32,True,363
RSA-2048,31.887583900243044,0.06608304101973772,2.0817089825868607,2.1477920236065984,294,1216,256,32,True,364
RSA-2048,208.87208299245685,0.12416706886142492,2.177332993596792,2.301500062458217,294,1218,256,32,True,365
RSA-2048,79.76587500888854,0.06949994713068008,2.1278749918565154,2.1973749389871955,294,1216,256,32,True,366
RSA-2048,54.53883297741413,0.07170799653977156,2.20224994700402,2.2739579435437918,294,1216,256,32,True,367
RSA-2048,155.04808304831386,0.11479202657938004,2.1810000762343407,2.2957921028137207,294,1218,256,32,True,368
RSA-2048,62.78329202905297,0.062249950133264065,2.109292079694569,2.171542029827833,294,1217,256,32,True,369
RSA-2048,165.3100410476327,0.1117499778047204,2.165583078749478,2.2773330565541983,294,1218,256,32,True,370
RSA-2048,76.83120807632804,0.08529191836714745,2.123125013895333,2.2084169322624803,294,1216,256,32,True,371
RSA-2048,72.32425000984222,0.06737501826137304,2.150624990463257,2.21800000872463,294,1216,256,32,True,372
RSA-2048,118.61729202792048,0.07099995855242014,2.1455000387504697,2.21649999730289,294,1217,256,32,True,373
RSA-2048,35.7496669748798,0.06154098082333803,2.160916104912758,2.222457085736096,294,1216,256,32,True,374
RSA-2048,57.57991597056389,0.06070802919566631,2.1309159928932786,2.191624022088945,294,1217,256,32,True,375
RSA-2048,71.92450005095452,0.07462501525878906,2.1107500651851296,2.1853750804439187,294,1217,256,32,True,376
RSA-2048,23.310541990213096,0.06183399818837643,2.1133749978616834,2.17520899605006,294,1218,256,32,True,377
RSA-2048,243.510750005953,0.10545796249061823,2.174708992242813,2.2801669547334313,294,1219,256,32,True,378
RSA-2048,201.82187505997717,0.11250004172325134,2.3460410302504897,2.458541071973741,294,1217,256,32,True,379
RSA-2048,62.185209011659026,0.08683302439749241,2.3446669802069664,2.431500004604459,294,1217,256,32,True,380
RSA-2048,31.764250015839934,0.07854204159229994,2.129207947291434,2.2077499888837337,294,1217,256,32,True,381
RSA-2048,113.60354197677225,0.08579203858971596,2.114166971296072,2.199959009885788,294,1218,256,32,True,382
RSA-2048,163.30120898783207,0.09470805525779724,2.160583040677011,2.2552910959348083,294,1218,256,32,True,383
RSA-2048,40.08279205299914,0.08833396714180708,2.2164579713717103,2.3047919385135174,294,1218,256,32,True,384
RSA-2048,59.88533305935562,0.08608400821685791,2.1577910520136356,2.2438750602304935,294,1216,256,32,True,385
RSA-2048,59.623542008921504,0.08849997539073229,2.1341670071706176,2.22266698256135,294,1217,256,32,True,386
RSA-2048,58.257041964679956,0.0625409884378314,2.117166994139552,2.1797079825773835,294,1218,256,32,True,387
RSA-2048,131.94066600408405,0.0892080133780837,2.145166974514723,2.2343749878928065,294,1217,256,32,True,388
RSA-2048,167.02416690532118,0.08358398918062449,2.24604201503098,2.3296260042116046,294,1217,256,32,True,389
RSA-2048,30.310083995573223,0.095625058747828,2.2867919178679585,2.3824169766157866,294,1216,256,32,True,390
RSA-2048,32.29750005993992,0.08670799434185028,2.217958099208772,2.3046660935506225,294,1219,256,32,True,391
RSA-2048,44.20737503096461,0.08341693319380283,2.1215000888332725,2.2049170220270753,294,1215,256,32,True,392
RSA-2048,76.96979201864451,0.07866695523262024,2.262125024572015,2.340791979804635,294,1217,256,32,True,393
RSA-2048,50.6428339285776,0.08633406832814217,2.220458001829684,2.306792070157826,294,1218,256,32,True,394
RSA-2048,137.643082998693,0.0748330494388938,2.124916994944215,2.1997500443831086,294,1218,256,32,True,395
RSA-2048,58.63104097079486,0.08408294524997473,2.1337909856811166,2.2178739309310913,294,1217,256,32,True,396
RSA-2048,311.2532499944791,0.10491698049008846,2.1931659430265427,2.298082923516631,294,1217,256,32,True,397
RSA-2048,72.49729090835899,0.09512505494058132,2.1932090166956186,2.2883340716362,294,1217,256,32,True,398
RSA-2048,126.04333297349513,0.10195793583989143,2.2330840583890676,2.335041994228959,294,1216,256,32,True,399
RSA-2048,120.01987500116229,0.07270800415426493,2.125708037056029,2.1984160412102938,294,1218,256,32,True,400
RSA-2048,32.32908295467496,0.0980000477284193,2.271166071295738,2.3691661190241575,294,1218,256,32,True,401
RSA-2048,40.67833395674825,0.09366706945002079,2.297875005751848,2.391542075201869,294,1217,256,32,True,402
RSA-2048,62.78104102239013,0.09450002107769251,2.139209071174264,2.2337090922519565,294,1216,256,32,True,403
RSA-2048,24.10258399322629,0.08795899339020252,2.154915942810476,2.2428749362006783,294,1217,256,32,True,404
RSA-2048,28.818042017519474,0.07212499622255564,2.256082952953875,2.3282079491764307,294,1218,256,32,True,405
RSA-2048,115.77120900619775,0.0903330510482192,2.2212080657482147,2.311541116796434,294,1216,256,32,True,406
RSA-2048,68.14279104582965,0.0754999928176403,2.1458329865708947,2.221332979388535,294,1217,256,32,True,407
RSA-2048,77.98458298202604,0.12395798694342375,2.1936249686405063,2.31758295558393,294,1218,256,32,True,408
RSA-2048,56.57637503463775,0.1052910229191184,2.2658330854028463,2.3711241083219647,294,1219,256,32,True,409
RSA-2048,114.3074999563396,0.09033293463289738,2.161709009669721,2.2520419443026185,294,1217,256,32,True,410
RSA-2048,114.68258302193135,0.10033301077783108,2.289416966959834,2.389749977737665,294,1218,256,32,True,411
RSA-2048,108.62854192964733,0.0926669454202056,2.206500037573278,2.2991669829934835,294,1217,256,32,True,412
RSA-2048,25.380542036145926,0.07737497799098492,2.1546250209212303,2.2319999989122152,294,1218,256,32,True,413
RSA-2048,58.78175003454089,0.08958298712968826,2.1742089884355664,2.2637919755652547,294,1217,256,32,True,414
RSA-2048,59.686125023290515,0.0929159577935934,2.159833093173802,2.2527490509673953,294,1217,256,32,True,415
RSA-2048,13.801333028823137,0.0760830007493496,2.2476669400930405,2.32374994084239,294,1216,256,32,True,416
RSA-2048,54.25812501925975,0.09400001727044582,2.1560000022873282,2.250000019557774,294,1218,256,32,True,417
RSA-2048,92.58604201022536,0.08945795707404613,2.1323750261217356,2.2218329831957817,294,1217,256,32,True,418
RSA-2048,94.12250004243106,0.08858402725309134,2.196458983235061,2.2850430104881525,294,1216,256,32,True,419
RSA-2048,104.31450000032783,0.08666608482599258,2.1957081044092774,2.28237418923527,294,1215,256,32,True,420
RSA-2048,40.786667028442025,0.07824995554983616,2.155207912437618,2.233457867987454,294,1218,256,32,True,421
RSA-2048,54.17095799930394,0.08708308450877666,2.12674995418638,2.2138330386951566,294,1218,256,32,True,422
RSA-2048,171.92033305764198,0.08408399298787117,2.13274999987334,2.2168339928612113,294,1217,256,32,True,423
RSA-2048,54.76812506094575,0.06504100747406483,2.1274170139804482,2.192458021454513,294,1216,256,32,True,424
RSA-2048,64.44191699847579,0.09341700933873653,2.126417006365955,2.2198340157046914,294,1217,256,32,True,425
RSA-2048,134.42879100330174,0.0927499495446682,2.1367919398471713,2.2295418893918395,294,1216,256,32,True,426
RSA-2048,62.95641593169421,0.07025001104921103,2.1452499786391854,2.2154999896883965,294,1217,256,32,True,427
RSA-2048,125.44945802073926,0.11145800817757845,2.32495809905231,2.4364161072298884,294,1217,256,32,True,428
RSA-2048,138.4709170088172,0.1009589759632945,2.3105000145733356,2.41145899053663,294,1217,256,32,True,429
RSA-2048,118.8573749968782,0.1075830077752471,2.2266670130193233,2.3342500207945704,294,1219,256,32,True,430
RSA-2048,99.69862503930926,0.08937506936490536,2.1671249996870756,2.256500069051981,294,1218,256,32,True,431
RSA-2048,80.01845900435,0.08820800576359034,2.1578751038759947,2.246083109639585,294,1216,256,32,True,432
RSA-2048,155.03079199697822,0.08733291178941727,2.1393749630078673,2.2267078747972846,294,1216,256,32,True,433
RSA-2048,96.4384590042755,0.08108397014439106,2.155416994355619,2.23650096450001,294,1219,256,32,True,434
RSA-2048,42.84054192248732,0.07583398837596178,2.1524589974433184,2.22829298581928,294,1218,256,32,True,435
RSA-2048,63.33987496327609,0.07033406291157007,2.3463329998776317,2.4166670627892017,294,1216,256,32,True,436
RSA-2048,14.96566692367196,0.09741703979671001,2.109957975335419,2.207375015132129,294,1219,256,32,True,437
RSA-2048,14.042334049008787,0.06145902443677187,2.0922078983858228,2.1536669228225946,294,1218,256,32,True,438
RSA-2048,53.20245795883238,0.061125028878450394,2.1399579709395766,2.201082999818027,294,1216,256,32,True,439
RSA-2048,137.51550007145852,0.09208405390381813,2.184624900110066,2.276708954013884,294,1217,256,32,True,440
RSA-2048,131.7313329782337,0.09291700553148985,2.3006669944152236,2.3935839999467134,294,1217,256,32,True,441
RSA-2048,35.51733400672674,0.08158304262906313,2.119916956871748,2.201499999500811,294,1218,256,32,True,442
RSA-2048,46.58916709013283,0.06325007416307926,2.1313749020919204,2.1946249762549996,294,1218,256,32,True,443
RSA-2048,128.25625005643815,0.09258394129574299,2.1615829318761826,2.2541668731719255,294,1217,256,32,True,444
RSA-2048,51.16775003261864,0.09666697587817907,2.132207970134914,2.228874946013093,294,1218,256,32,True,445
RSA-2048,102.5994170922786,0.08650007657706738,2.1244590170681477,2.210959093645215,294,1217,256,32,True,446
RSA-2048,12.797874980606139,0.07124990224838257,2.1781669929623604,2.249416895210743,294,1219,256,32,True,447
RSA-2048,260.9463329426944,0.09191606659442186,2.138042007572949,2.229958074167371,294,1218,256,32,True,448
RSA-2048,27.672291034832597,0.07583398837596178,2.3132500937208533,2.389084082096815,294,1219,256,32,True,449
RSA-2048,52.78308305423707,0.10612502228468657,2.1647909888997674,2.270916011184454,294,1216,256,32,True,450
RSA-2048,43.44016604591161,0.06912497337907553,2.14945909101516,2.2185840643942356,294,1217,256,32,True,451
RSA-2048,105.5849160766229,0.0950830290094018,2.218457986600697,2.313541015610099,294,1217,256,32,True,452
RSA-2048,50.23425002582371,0.07279100827872753,2.0980420522391796,2.170833060517907,294,1218,256,32,True,453
RSA-2048,45.69558391813189,0.07516704499721527,2.129291999153793,2.204459044151008,294,1217,256,32,True,454
RSA-2048,48.96341706626117,0.06229197606444359,2.1393339848145843,2.201625960879028,294,1218,256,32,True,455
RSA-2048,103.66529203020036,0.07083301898092031,2.121957950294018,2.192790969274938,294,1216,256,32,True,456
RSA-2048,28.288042056374252,0.06354099605232477,2.138082985766232,2.201623981818557,294,1217,256,32,True,457
RSA-2048,56.06266704853624,0.08141598664224148,2.144834026694298,2.2262500133365393,294,1218,256,32,True,458
RSA-2048,100.39420798420906,0.07791700772941113,2.115999930538237,2.193916938267648,294,1216,256,32,True,459
RSA-2048,22.257332922890782,0.06341608241200447,2.2822499740868807,2.345666056498885,294,1218,256,32,True,460
RSA-2048,64.25874994602054,0.06987503729760647,2.1168329985812306,2.186708035878837,294,1218,256,32,True,461
RSA-2048,17.09716592449695,0.06850005593150854,2.143082907423377,2.2115829633548856,294,1216,256,32,True,462
RSA-2048,42.644041939638555,0.06791600026190281,2.120541990734637,2.1884579909965396,294,1218,256,32,True,463
RSA-2048,149.67516693286598,0.10775006376206875,2.177958027459681,2.28570809122175,294,1218,256,32,True,464
RSA-2048,84.89195804577321,0.062000006437301636,2.1483750315383077,2.2103750379756093,294,1217,256,32,True,465
RSA-2048,127.61083303485066,0.08975004311650991,2.1745420526713133,2.264292095787823,294,1216,256,32,True,466
RSA-2048,40.70849996060133,0.06616697646677494,2.1171249682083726,2.1832919446751475,294,1217,256,32,True,467
RSA-2048,108.0511249601841,0.06891705561429262,2.1537920692935586,2.222709124907851,294,1217,256,32,True,468
RSA-2048,16.555915935896337,0.0705840066075325,2.1422499557957053,2.212833962403238,294,1218,256,32,True,469
RSA-2048,32.9889579443261,0.062125036492943764,2.1369579480960965,2.1990829845890403,294,1217,256,32,True,470
RSA-2048,83.43941601924598,0.06158393807709217,2.281749970279634,2.343333908356726,294,1218,256,32,True,471
RSA-2048,74.72512498497963,0.12504193000495434,2.1598750026896596,2.284916932694614,294,1216,256,32,True,472
RSA-2048,95.32791702076793,0.11020805686712265,2.1884581074118614,2.298666164278984,294,1217,256,32,True,473
RSA-2048,51.287666079588234,0.06387499161064625,2.11087497882545,2.174749970436096,294,1216,256,32,True,474
RSA-2048,112.38287505693734,0.0652919989079237,2.1243750816211104,2.189667080529034,294,1217,256,32,True,475
RSA-2048,71.79904193617404,0.0704590929672122,2.3563330760225654,2.4267921689897776,294,1218,256,32,True,476
RSA-2048,67.78275000397116,0.08999998681247234,2.13729206006974,2.227292046882212,294,1216,256,32,True,477
RSA-2048,76.6021249582991,0.07533305324614048,2.148917061276734,2.2242501145228744,294,1217,256,32,True,478
RSA-2048,35.65491607878357,0.06250001024454832,2.16283299960196,2.2253330098465085,294,1219,256,32,True,479
RSA-2048,20.35825001075864,0.06941601168364286,2.1267919801175594,2.1962079918012023,294,1217,256,32,True,480
RSA-2048,106.0306669678539,0.09091699030250311,2.116041025146842,2.206958015449345,294,1218,256,32,True,481
RSA-2048,56.110375095158815,0.0624579843133688,2.1637920290231705,2.2262500133365393,294,1216,256,32,True,482
RSA-2048,22.73937501013279,0.0652919989079237,2.143374993465841,2.2086669923737645,294,1217,256,32,True,483
RSA-2048,54.40516700036824,0.0877920538187027,2.1747080609202385,2.262500114738941,294,1216,256,32,True,484
RSA-2048,71.8369580572471,0.06891600787639618,2.110125031322241,2.179041039198637,294,1217,256,32,True,485
RSA-2048,82.69908302463591,0.09724998380988836,2.0944999996572733,2.1917499834671617,294,1217,256,32,True,486
RSA-2048,77.94729201123118,0.09991694241762161,2.165582962334156,2.2654999047517776,294,1217,256,32,True,487
RSA-2048,90.39091598242521,0.0737910158932209,2.209375030361116,2.283166046254337,294,1216,256,32,True,488
RSA-2048,87.3330410104245,0.07958302740007639,2.2273330250754952,2.3069160524755716,294,1217,256,32,True,489
RSA-2048,41.318041970953345,0.07116701453924179,2.1190419793128967,2.1902089938521385,294,1217,256,32,True,490
RSA-2048,41.66250000707805,0.07387495134025812,2.153166919015348,2.227041870355606,294,1217,256,32,True,491
RSA-2048,38.265791023150086,0.06975000724196434,2.218291978351772,2.288041985593736,294,1216,256,32,True,492
RSA-2048,153.1350000295788,0.10962504893541336,2.1588749950751662,2.2685000440105796,294,1218,256,32,True,493
RSA-2048,31.127958092838526,0.11108303442597389,2.447291975840926,2.5583750102669,294,1219,256,32,True,494
RSA-2048,44.154042028822005,0.12204202357679605,2.263207919895649,2.385249943472445,294,1217,256,32,True,495
RSA-2048,91.48758300580084,0.0892080133780837,2.1801668917760253,2.269374905154109,294,1218,256,32,True,496
RSA-2048,112.3638330027461,0.0725829740986228,2.207541954703629,2.280124928802252,294,1212,256,32,True,497
RSA-2048,90.13087500352412,0.06787502206861973,2.1078750723972917,2.1757500944659114,294,1217,256,32,True,498
RSA-2048,31.456333003006876,0.06500002928078175,2.172957989387214,2.237958018667996,294,1217,256,32,True,499
RSA-2048,55.58141600340605,0.07950002327561378,2.133250003680587,2.2127500269562006,294,1216,256,32,True,500
RSA-2048,33.1474170088768,0.10804191697388887,2.201208029873669,2.309249946847558,294,1217,256,32,True,501
RSA-2048,59.39804203808308,0.08891604375094175,2.17683392111212,2.265749964863062,294,1219,256,32,True,502
RSA-2048,26.732833008281887,0.09112502448260784,2.1402500569820404,2.2313750814646482,294,1214,256,32,True,503
RSA-2048,96.4038330130279,0.08879194501787424,2.1119159646332264,2.2007079096511006,294,1216,256,32,True,504
RSA-2048,77.7567500481382,0.09487499482929707,2.125500002875924,2.220374997705221,294,1217,256,32,True,505
RSA-2048,61.32916593924165,0.06883300375193357,2.191915991716087,2.2607489954680204,294,1219,256,32,True,506
RSA-2048,61.439332901500165,0.06366695743054152,2.1283330861479044,2.192000043578446,294,1217,256,32,True,507
RSA-2048,95.16362496651709,0.07837498560547829,2.107999986037612,2.1863749716430902,294,1219,256,32,True,508
RSA-2048,162.79524995479733,0.09095796849578619,2.211832907050848,2.302790875546634,294,1217,256,32,True,509
RSA-2048,63.444542000070214,0.09716697968542576,2.170082996599376,2.267249976284802,294,1217,256,32,True,510
RSA-2048,33.170041046105325,0.0678329961374402,2.2002080222591758,2.268041018396616,294,1217,256,32,True,511
RSA-2048,22.49591692816466,0.06683298852294683,2.1707090782001615,2.2375420667231083,294,1219,256,32,True,512
RSA-2048,21.901542088016868,0.06425008177757263,2.1230410784482956,2.1872911602258682,294,1218,256,32,True,513
RSA-2048,41.5482500102371,0.06874999962747097,2.2033749846741557,2.2721249843016267,294,1217,256,32,True,514
RSA-2048,99.48649990838021,0.08345791138708591,2.178875030949712,2.2623329423367977,294,1218,256,32,True,515
RSA-2048,55.94408407341689,0.09583297651261091,2.181791001930833,2.2776239784434438,294,1217,256,32,True,516
RSA-2048,64.89154195878655,0.08150003850460052,2.1595839643850923,2.241084002889693,294,1217,256,32,True,517
RSA-2048,39.78229209315032,0.07725006435066462,2.1936249686405063,2.270875032991171,294,1217,256,32,True,518
RSA-2048,40.48149997834116,0.06916595157235861,2.1654999582096934,2.234665909782052,294,1217,256,32,True,519
RSA-2048,125.44687499757856,0.08650007657706738,2.145625068806112,2.232125145383179,294,1218,256,32,True,520
RSA-2048,65.49670896492898,0.07579091470688581,2.1637920290231705,2.2395829437300563,294,1214,256,32,True,521
RSA-2048,36.46587498951703,0.06945803761482239,2.184665994718671,2.2541240323334932,294,1217,256,32,True,522
RSA-2048,58.73658403288573,0.0667079584673047,2.135665970854461,2.202373929321766,294,1218,256,32,True,523
RSA-2048,64.67700004577637,0.07966591510921717,2.385249943472445,2.464915858581662,294,1218,256,32,True,524
RSA-2048,57.005624985322356,0.08562509901821613,2.1508330246433616,2.2364581236615777,294,1216,256,32,True,525
RSA-2048,64.22537507023662,0.07037504110485315,2.1336660720407963,2.2040411131456494,294,1218,256,32,True,526
RSA-2048,43.543542036786675,0.07904204539954662,2.1834169747307897,2.2624590201303363,294,1217,256,32,True,527
RSA-2048,41.006833082064986,0.0648329732939601,2.2156250197440386,2.2804579930379987,294,1217,256,32,True,528
RSA-2048,53.51058300584555,0.11612509842962027,2.1667080000042915,2.282833098433912,294,1217,256,32,True,529
RSA-2048,124.79512498248369,0.0826249597594142,2.134874928742647,2.2174998885020614,294,1217,256,32,True,530
RSA-2048,41.16374999284744,0.06633298471570015,2.146999933756888,2.213332918472588,294,1219,256,32,True,531
RSA-2048,47.05987498164177,0.06741692777723074,2.1518340799957514,2.219251007772982,294,1217,256,32,True,532
RSA-2048,72.60291697457433,0.06949994713068008,2.1728749852627516,2.2423749323934317,294,1217,256,32,True,533
RSA-2048,43.485207948833704,0.06279093213379383,2.1412080386653543,2.203998970799148,294,1217,256,32,True,534
RSA-2048,105.13429099228233,0.0754999928176403,2.1197920432314277,2.195292036049068,294,1217,256,32,True,535
RSA-2048,60.44895795639604,0.07949990686029196,2.1829160396009684,2.2624159464612603,294,1216,256,32,True,536
RSA-2048,167.65654110349715,0.08883397094905376,2.1680829813703895,2.2569169523194432,294,1219,256,32,True,537
RSA-2048,64.94995788671076,0.0878339633345604,2.183874952606857,2.271708915941417,294,1216,256,32,True,538
RSA-2048,125.04483293741941,0.09066693019121885,2.1101670572534204,2.200833987444639,294,1217,256,32,True,539
RSA-2048,73.20416707079858,0.0813750084489584,2.1578340092673898,2.239209017716348,294,1218,256,32,True,540
RSA-2048,84.97708302456886,0.08937495294958353,2.203207928687334,2.2925828816369176,294,1216,256,32,True,541
RSA-2048,116.49579193908721,0.11341704521328211,2.162666991353035,2.276084036566317,294,1218,256,32,True,542
RSA-2048,25.303332949988544,0.07954204920679331,2.159541007131338,2.2390830563381314,294,1217,256,32,True,543
RSA-2048,84.96766595635563,0.0974580179899931,2.2188329603523016,2.3162909783422947,294,1218,256,32,True,544
RSA-2048,71.40516594517976,0.09579199831932783,2.159249968826771,2.2550419671460986,294,1218,256,32,True,545
RSA-2048,80.5540420114994,0.06329105235636234,2.1165419602766633,2.1798330126330256,294,1217,256,32,True,546
RSA-2048,159.03579199220985,0.09137496817857027,2.1072919480502605,2.198666916228831,294,1217,256,32,True,547
RSA-2048,44.31008407846093,0.10449998080730438,2.1660419879481196,2.270541968755424,294,1218,256,32,True,548
RSA-2048,73.53133289143443,0.0689580338075757,2.116666059009731,2.1856240928173065,294,1217,256,32,True,549
RSA-2048,138.21470900438726,0.09587500244379044,2.161292009986937,2.2571670124307275,294,1218,256,32,True,550
RSA-2048,40.533583029173315,0.06658397614955902,2.1078750723972917,2.1744590485468507,294,1219,256,32,True,551
RSA-2048,46.924250083975494,0.06170803681015968,2.1162499906495214,2.177958027459681,294,1218,256,32,True,552
RSA-2048,21.14162500947714,0.061041093431413174,2.112083020620048,2.173124114051461,294,1217,256,32,True,553
RSA-2048,63.3812079904601,0.07804192136973143,2.249874989502132,2.3279169108718634,294,1218,256,32,True,554
RSA-2048,65.36808400414884,0.08329097181558609,2.1470419596880674,2.2303329315036535,294,1218,256,32,True,555
RSA-2048,237.43637499865144,0.08870800957083702,2.1919169230386615,2.2806249326094985,294,1214,256,32,True,556
RSA-2048,39.50016596354544,0.08212495595216751,2.161749987863004,2.2438749438151717,294,1216,256,32,True,557
RSA-2048,50.672832992859185,0.09408302139490843,2.1520419977605343,2.2461250191554427,294,1216,256,32,True,558
RSA-2048,111.37624992989004,0.08529098704457283,2.144249971024692,2.229540958069265,294,1217,256,32,True,559
RSA-2048,272.78154098894447,0.08654198609292507,2.160875010304153,2.247416996397078,294,1216,256,32,True,560
RSA-2048,74.30795801337808,0.06795802619308233,2.107541891746223,2.1754999179393053,294,1219,256,32,True,561
RSA-2048,154.5283750165254,0.0702909892424941,2.2100830683484674,2.2803740575909615,294,1217,256,32,True,562
RSA-2048,73.66870797704905,0.06583298090845346,2.1816249936819077,2.247457974590361,294,1217,256,32,True,563
RSA-2048,28.816542006097734,0.08949998300522566,2.222415991127491,2.3119159741327167,294,1217,256,32,True,564
RSA-2048,114.95958303567022,0.06970891263335943,2.1948330104351044,2.264541923068464,294,1217,256,32,True,565
RSA-2048,30.83812491968274,0.06337498780339956,2.2427079966291785,2.306082984432578,294,1216,256,32,True,566
RSA-2048,47.15379106346518,0.07329205982387066,2.1557079162448645,2.228999976068735,294,1217,256,32,True,567
RSA-2048,113.09729109052569,0.06937503349035978,2.103040926158428,2.172415959648788,294,1217,256,32,True,568
RSA-2048,68.04774992633611,0.07199996616691351,2.123959013260901,2.1959589794278145,294,1218,256,32,True,569
RSA-2048,101.51645797304809,0.10358402505517006,2.0981669658795,2.20175099093467,294,1216,256,32,True,570
RSA-2048,228.88591699302197,0.1074580941349268,2.2192500764504075,2.3267081705853343,294,1217,256,32,True,571
RSA-2048,30.266207992099226,0.1407089876011014,2.2347919875755906,2.375500975176692,294,1217,256,32,True,572
RSA-2048,28.747165924869478,0.08575001265853643,2.148207975551486,2.2339579882100224,294,1217,256,32,True,573
RSA-2048,237.52708302345127,0.13175001367926598,2.1472920197993517,2.2790420334786177,294,1216,256,32,True,574
RSA-2048,118.74404200352728,0.09937502909451723,2.2481660125777125,2.3475410416722298,294,1215,256,32,True,575
RSA-2048,56.860625045374036,0.09858398698270321,2.2196249337866902,2.3182089207693934,294,1218,256,32,True,576
RSA-2048,150.8258330868557,0.10845798533409834,2.12974997702986,2.2382079623639584,294,1216,256,32,True,577
RSA-2048,112.6006250269711,0.09179103653877974,2.1039160201326013,2.195707056671381,294,1216,256,32,True,578
RSA-2048,44.58016704302281,0.06304203998297453,2.1550829987972975,2.218125038780272,294,1217,256,32,True,579
RSA-2048,107.52833401784301,0.10299996938556433,2.1512090461328626,2.254209015518427,294,1219,256,32,True,580
RSA-2048,94.97358300723135,0.08537503890693188,2.1308750146999955,2.2162500536069274,294,1218,256,32,True,581
RSA-2048,128.88779200147837,0.08312507998198271,2.1273749880492687,2.2105000680312514,294,1216,256,32,True,582
RSA-2048,26.49987500626594,0.0999579206109047,2.1440419368445873,2.243999857455492,294,1217,256,32,True,583
RSA-2048,66.77079095970839,0.08241599425673485,2.133041969500482,2.215457963757217,294,1219,256,32,True,584
RSA-2048,159.95516593102366,0.09179196786135435,2.1579579915851355,2.24974995944649,294,1217,256,32,True,585
RSA-2048,57.976874988526106,0.07270905189216137,2.1314999321475625,2.204208984039724,294,1216,256,32,True,586
RSA-2048,36.00737499073148,0.06150000263005495,2.1506668999791145,2.2121669026091695,294,1218,256,32,True,587
RSA-2048,134.39833302982152,0.100292032584548,2.139874966815114,2.240166999399662,294,1217,256,32,True,588
RSA-2048,49.15116692427546,0.09899993892759085,2.16133298818022,2.260332927107811,294,1217,256,32,True,589
RSA-2048,103.2984999474138,0.06583309732377529,2.24754202645272,2.3133751237764955,294,1219,256,32,True,590
RSA-2048,87.08437497261912,0.1032920554280281,2.102290978655219,2.205583034083247,294,1217,256,32,True,591
RSA-2048,57.67204100266099,0.06470794323831797,2.1870420314371586,2.2517499746754766,294,1217,256,32,True,592
RSA-2048,89.7425840375945,0.06937491707503796,2.162290969863534,2.231665886938572,294,1218,256,32,True,593
RSA-2048,51.17883300408721,0.0617919722571969,2.1169580286368728,2.1787500008940697,294,1217,256,32,True,594
RSA-2048,18.737291917204857,0.07162499241530895,2.139332937076688,2.2109579294919968,294,1216,256,32,True,595
RSA-2048,64.23695804551244,0.0932089751586318,2.140958094969392,2.2341670701280236,294,1218,256,32,True,596
RSA-2048,85.41320799849927,0.16008305829018354,2.138374955393374,2.2984580136835575,294,1216,256,32,True,597
RSA-2048,119.85487502533942,0.10245898738503456,2.181165968067944,2.2836249554529786,294,1214,256,32,True,598
RSA-2048,24.030125001445413,0.06695894990116358,2.1288749994710088,2.1958339493721724,294,1216,256,32,True,599
RSA-2048,53.72270895168185,0.07420801557600498,2.171874977648258,2.246082993224263,294,1218,256,32,True,600
RSA-2048,60.45104202348739,0.08850009180605412,2.160749980248511,2.249250072054565,294,1217,256,32,True,601
RSA-2048,131.01908308453858,0.09404192678630352,2.2072920110076666,2.30133393779397,294,1216,256,32,True,602
RSA-2048,17.630250076763332,0.07104198448359966,2.114792005158961,2.1858339896425605,294,1218,256,32,True,603
RSA-2048,109.57666696049273,0.0801669666543603,2.138082985766232,2.2182499524205923,294,1217,256,32,True,604
RSA-2048,13.633750029839575,0.06345903966575861,2.132499939762056,2.1959589794278145,294,1216,256,32,True,605
RSA-2048,62.35191703308374,0.06833404768258333,2.1029580384492874,2.1712920861318707,294,1217,256,32,True,606
RSA-2048,73.24529206380248,0.07495807949453592,2.1518750581890345,2.2268331376835704,294,1216,256,32,True,607
RSA-2048,32.811416080221534,0.10312499944120646,2.1411250345408916,2.244250033982098,294,1219,256,32,True,608
RSA-2048,59.640125022269785,0.07925007957965136,2.126834006048739,2.2060840856283903,294,1218,256,32,True,609
RSA-2048,172.97245794907212,0.08187501225620508,2.1168329985812306,2.1987080108374357,294,1216,256,32,True,610
RSA-2048,38.99625001940876,0.06395799573510885,2.113749971613288,2.177707967348397,294,1218,256,32,True,611
RSA-2048,63.87262500356883,0.0665000407025218,2.1722079254686832,2.238707966171205,294,1217,256,32,True,612
RSA-2048,74.87333402968943,0.07537496276199818,2.201374969445169,2.276749932207167,294,1217,256,32,True,613
RSA-2048,32.62845799326897,0.06541598122566938,2.164082950912416,2.2294989321380854,294,1217,256,32,True,614
RSA-2048,57.535041007213295,0.07358298171311617,2.1560420282185078,2.229625009931624,294,1216,256,32,True,615
RSA-2048,141.00375003181398,0.09358301758766174,2.1031670039519668,2.1967500215396285,294,1217,256,32,True,616
RSA-2048,70.23079204373062,0.07120904047042131,2.1960409358143806,2.267249976284802,294,1217,256,32,True,617
RSA-2048,277.8236250160262,0.09958399459719658,2.1399579709395766,2.239541965536773,294,1217,256,32,True,618
RSA-2048,104.52283301856369,0.08804199751466513,2.127624931745231,2.2156669292598963,294,1218,256,32,True,619
RSA-2048,116.55583302490413,0.09929097723215818,2.1321249660104513,2.2314159432426095,294,1217,256,32,True,620
RSA-2048,59.37779101077467,0.0854589743539691,2.1364169660955667,2.221875940449536,294,1219,256,32,True,621
RSA-2048,204.64879204519093,0.09312503971159458,2.2360419388860464,2.329166978597641,294,1217,256,32,True,622
RSA-2048,56.9139999570325,0.08087500464171171,2.161500044167042,2.2423750488087535,294,1217,256,32,True,623
RSA-2048,97.91929193306714,0.09112502448260784,2.272582962177694,2.3637079866603017,294,1218,256,32,True,624
RSA-2048,97.93745900969952,0.08945807348936796,2.1784580312669277,2.2679161047562957,294,1216,256,32,True,625
RSA-2048,42.6488749217242,0.09887502528727055,2.259959001094103,2.3588340263813734,294,1219,256,32,True,626
RSA-2048,82.78425002936274,0.08441705722361803,2.1498750429600477,2.2342921001836658,294,1218,256,32,True,627
RSA-2048,22.49700005631894,0.06254203617572784,2.143500023521483,2.206042059697211,294,1218,256,32,True,628
RSA-2048,116.86083301901817,0.07291603833436966,2.1306249545887113,2.203540992923081,294,1216,256,32,True,629
RSA-2048,72.37620803061873,0.0839579151943326,2.190541010349989,2.2744989255443215,294,1218,256,32,True,630
RSA-2048,74.92758391890675,0.08766702376306057,2.188707934692502,2.2763749584555626,294,1217,256,32,True,631
RSA-2048,20.712916972115636,0.06270804442465305,2.1996659925207496,2.2623740369454026,294,1217,256,32,True,632
RSA-2048,17.139708041213453,0.06204203236848116,2.121084020473063,2.183126052841544,294,1218,256,32,True,633
RSA-2048,15.889583039097488,0.06025005131959915,2.1685839165002108,2.22883396781981,294,1218,256,32,True,634
RSA-2048,23.745834012515843,0.06004096940159798,2.104499959386885,2.164540928788483,294,1217,256,32,True,635
RSA-2048,31.560709001496434,0.090167042799294,2.138374955393374,2.228541998192668,294,1217,256,32,True,636
RSA-2048,42.60995809454471,0.0742919510230422,2.1629170514643192,2.2372090024873614,294,1216,256,32,True,637
RSA-2048,104.70862500369549,0.08449994493275881,2.148833009414375,2.2333329543471336,294,1218,256,32,True,638
RSA-2048,196.1151669966057,0.09658304043114185,2.151916967704892,2.248500008136034,294,1216,256,32,True,639
RSA-2048,136.62308303173631,0.07791700772941113,2.16916692443192,2.247083932161331,294,1217,256,32,True,640
RSA-2048,84.18083400465548,0.07400009781122208,2.1457920083776116,2.2197921061888337,294,1217,256,32,True,641
RSA-2048,137.81808409839869,0.09241607040166855,2.175500034354627,2.2679161047562957,294,1216,256,32,True,642
RSA-2048,80.01937496010214,0.07025001104921103,2.1601669723168015,2.2304169833660126,294,1218,256,32,True,643
RSA-2048,64.97075001243502,0.06737501826137304,2.152916043996811,2.220291062258184,294,1218,256,32,True,644
RSA-2048,107.910625054501,0.08462497498840094,2.1256670588627458,2.2102920338511467,294,1216,256,32,True,645
RSA-2048,115.48695806413889,0.09095796849578619,2.13029095903039,2.221248927526176,294,1217,256,32,True,646
RSA-2048,148.93583301454782,0.08470797911286354,2.143291989341378,2.2279999684542418,294,1219,256,32,True,647
RSA-2048,58.022291981615126,0.06524997297674417,2.141374978236854,2.2066249512135983,294,1218,256,32,True,648
RSA-2048,39.54625001642853,0.07470801938325167,2.1396250231191516,2.2143330425024033,294,1217,256,32,True,649
RSA-2048,48.23424993082881,0.0660410150885582,2.102290978655219,2.1683319937437773,294,1216,256,32,True,650
RSA-2048,63.78812505863607,0.08237501606345177,2.181250019930303,2.263625035993755,294,1217,256,32,True,651
RSA-2048,149.92437500040978,0.09250000584870577,2.1791249746456742,2.27162498049438,294,1217,256,32,True,652
RSA-2048,68.36295803077519,0.08458294905722141,2.1404579747468233,2.2250409238040447,294,1217,256,32,True,653
RSA-2048,62.15695897117257,0.07195805665105581,2.1532090613618493,2.225167118012905,294,1217,256,32,True,654
RSA-2048,108.70729200541973,0.085500068962574,2.3901249514892697,2.4756250204518437,294,1218,256,32,True,655
RSA-2048,25.42029193136841,0.08020899258553982,2.1778340451419353,2.258043037727475,294,1216,256,32,True,656
RSA-2048,169.80395803693682,0.09662506636232138,2.257457934319973,2.3540830006822944,294,1217,256,32,True,657
RSA-2048,67.0852919574827,0.08245895151048899,2.1860830020159483,2.2685419535264373,294,1216,256,32,True,658
RSA-2048,159.61883403360844,0.08987495675683022,2.129332977347076,2.219207934103906,294,1216,256,32,True,659
RSA-2048,28.42595800757408,0.062166014686226845,2.096917014569044,2.159083029255271,294,1217,256,32,True,660
RSA-2048,41.31595802027732,0.07679197005927563,2.2057080641388893,2.282500034198165,294,1218,256,32,True,661
RSA-2048,52.39500000607222,0.10066607501357794,2.243792056106031,2.344458131119609,294,1218,256,32,True,662
RSA-2048,184.08012494910508,0.11724990326911211,2.2111249854788184,2.3283748887479305,294,1218,256,32,True,663
RSA-2048,72.65962497331202,0.09770900942385197,2.156707923859358,2.25441693328321,294,1218,256,32,True,664
RSA-2048,55.02754193730652,0.06841693539172411,2.130707958713174,2.199124894104898,294,1217,256,32,True,665
RSA-2048,43.872457928955555,0.08991698268800974,2.1575839491561055,2.2475009318441153,294,1216,256,32,True,666
RSA-2048,82.67791708931327,0.0943340128287673,2.1530420053750277,2.247376018203795,294,1217,256,32,True,667
RSA-2048,88.51587492972612,0.0742500415071845,2.132207970134914,2.2064580116420984,294,1217,256,32,True,668
RSA-2048,57.1812919806689,0.08895795326679945,2.2931250277906656,2.382082981057465,294,1217,256,32,True,669
RSA-2048,44.99954101629555,0.06337498780339956,2.262666937895119,2.3260419256985188,294,1217,256,32,True,670
RSA-2048,44.994916999712586,0.0963329803198576,2.1537080174311996,2.250040997751057,294,1218,256,32,True,671
RSA-2048,44.45529100485146,0.06691599264740944,2.1459170384332538,2.212833031080663,294,1217,256,32,True,672
RSA-2048,57.74412490427494,0.0678329961374402,2.145292004570365,2.213125000707805,294,1217,256,32,True,673
RSA-2048,29.23133398871869,0.08704198990017176,2.0983750000596046,2.1854169899597764,294,1217,256,32,True,674
RSA-2048,54.42483408842236,0.08999998681247234,2.137041068635881,2.2270410554483533,294,1217,256,32,True,675
RSA-2048,107.30320797301829,0.07575005292892456,2.111208043061197,2.1869580959901214,294,1215,256,32,True,676
RSA-2048,81.41920797061175,0.08895900100469589,2.208624966442585,2.297583967447281,294,1217,256,32,True,677
RSA-2048,106.96837503928691,0.1337080029770732,2.1064591128379107,2.240167115814984,294,1217,256,32,True,678
RSA-2048,32.31087501626462,0.07745798211544752,2.155750058591366,2.2332080407068133,294,1216,256,32,True,679
RSA-2048,46.91920895129442,0.07479102350771427,2.1417500684037805,2.2165410919114947,294,1217,256,32,True,680
RSA-2048,51.402917015366256,0.06408290937542915,2.1371670300140977,2.201249939389527,294,1217,256,32,True,681
RSA-2048,81.54329098761082,0.08970790077000856,2.0948750898241997,2.1845829905942082,294,1218,256,32,True,682
RSA-2048,96.4034580392763,0.08487491868436337,2.151833032257855,2.2367079509422183,294,1218,256,32,True,683
RSA-2048,76.23604091349989,0.07841689512133598,2.0811670692637563,2.1595839643850923,294,1217,256,32,True,684
RSA-2048,48.67787496186793,0.07687497418373823,2.1273749880492687,2.204249962233007,294,1217,256,32,True,685
RSA-2048,36.739291972480714,0.09595800656825304,2.2363750031217933,2.3323330096900463,294,1217,256,32,True,686
RSA-2048,153.07991695590317,0.10120810475200415,2.1270830184221268,2.228291123174131,294,1218,256,32,True,687
RSA-2048,59.045666945166886,0.11545896995812654,2.3187079932540655,2.434166963212192,294,1218,256,32,True,688
RSA-2048,101.97212500497699,0.09825010783970356,2.1237919572740793,2.222042065113783,294,1217,256,32,True,689
RSA-2048,25.45779198408127,0.08716701995581388,2.185166929848492,2.272333949804306,294,1216,256,32,True,690
RSA-2048,140.81566594541073,0.1194999786093831,2.2470420226454735,2.3665420012548566,294,1219,256,32,True,691
RSA-2048,19.78283398784697,0.0748330494388938,2.165083074942231,2.239916124381125,294,1218,256,32,True,692
RSA-2048,130.257457960397,0.0926250359043479,2.170124906115234,2.262749942019582,294,1217,256,32,True,693
RSA-2048,91.39049996156245,0.10858289897441864,2.164416015148163,2.2729989141225815,294,1218,256,32,True,694
RSA-2048,57.716417009942234,0.06724998820573092,2.12808302603662,2.195333014242351,294,1218,256,32,True,695
RSA-2048,60.32950000371784,0.06429094355553389,2.097874996252358,2.162165939807892,294,1217,256,32,True,696
RSA-2048,166.33787495084107,0.07599999662488699,2.1964999614283442,2.2724999580532312,294,1217,256,32,True,697
RSA-2048,61.58683297690004,0.06225006654858589,2.1528330398723483,2.215083106420934,294,1218,256,32,True,698
RSA-2048,113.36766602471471,0.06629200652241707,2.2477080347016454,2.3140000412240624,294,1218,256,32,True,699
RSA-2048,55.24379096459597,0.09120895992964506,2.1606250666081905,2.2518340265378356,294,1216,256,32,True,700
RSA-2048,76.74820895772427,0.09041698649525642,2.1115829003974795,2.201999886892736,294,1218,256,32,True,701
RSA-2048,62.27304204367101,0.08399994112551212,2.1262919763103127,2.210291917435825,294,1217,256,32,True,702
RSA-2048,56.97200004942715,0.08716690354049206,2.1572080440819263,2.2443749476224184,294,1218,256,32,True,703
RSA-2048,52.350208978168666,0.07733306847512722,2.142125042155385,2.2194581106305122,294,1217,256,32,True,704
RSA-2048,55.13175006490201,0.0654999166727066,2.0805830135941505,2.146082930266857,294,1218,256,32,True,705
RSA-2048,71.89120899420232,0.06341689731925726,2.1204580552875996,2.183874952606857,294,1217,256,32,True,706
RSA-2048,150.2292910590768,0.08995807729661465,2.1387910237535834,2.228749101050198,294,1218,256,32,True,707
RSA-2048,32.7380420640111,0.09400001727044582,2.1600829204544425,2.2540829377248883,294,1216,256,32,True,708
RSA-2048,42.569125071167946,0.0868749339133501,3.2497079810127616,3.3365829149261117,294,1216,256,32,True,709
RSA-2048,26.98658301960677,0.10508392006158829,2.1445410093292594,2.2496249293908477,294,1217,256,32,True,710
RSA-2048,78.5745830507949,0.0926250359043479,2.1563329501077533,2.248957986012101,294,1218,256,32,True,711
RSA-2048,46.376415994018316,0.06979110185056925,2.197124995291233,2.2669160971418023,294,1215,256,32,True,712
RSA-2048,211.82258299086243,0.07904099766165018,2.198458998464048,2.277499996125698,294,1216,256,32,True,713
RSA-2048,126.55233289115131,0.08937495294958353,2.2200000239536166,2.3093749769032,294,1218,256,32,True,714
RSA-2048,48.648832947947085,0.07045804522931576,2.154541900381446,2.2249999456107616,294,1217,256,32,True,715
RSA-2048,34.97995901852846,0.08316594175994396,2.1216670284047723,2.2048329701647162,294,1217,256,32,True,716
RSA-2048,79.63812490925193,0.09099999442696571,2.138374955393374,2.2293749498203397,294,1217,256,32,True,717
RSA-2048,63.24466597288847,0.07966707926243544,2.1397919626906514,2.219459041953087,294,1216,256,32,True,718
RSA-2048,57.79437499586493,0.0639590434730053,2.131999935954809,2.1959589794278145,294,1217,256,32,True,719
RSA-2048,213.56837498024106,0.09524996858090162,2.153916982933879,2.2491669515147805,294,1218,256,32,True,720
RSA-2048,33.59050001017749,0.06391701754182577,2.1499169524759054,2.213833970017731,294,1217,256,32,True,721
RSA-2048,41.950250044465065,0.08291704580187798,2.0979999098926783,2.1809169556945562,294,1216,256,32,True,722
RSA-2048,104.65945804025978,0.09525008499622345,2.192083979025483,2.2873340640217066,294,1217,256,32,True,723
RSA-2048,43.24045800603926,0.0738329254090786,2.1509999642148614,2.22483288962394,294,1217,256,32,True,724
RSA-2048,75.63554192893207,0.07062498480081558,2.1397500531747937,2.2103750379756093,294,1214,256,32,True,725
RSA-2048,33.33883301820606,0.060666934587061405,2.1561250323429704,2.2167919669300318,294,1218,256,32,True,726
RSA-2048,31.58520790748298,0.0661659287288785,2.163124969229102,2.2292908979579806,294,1219,256,32,True,727
RSA-2048,145.35404194612056,0.08116697426885366,2.1302920067682862,2.21145898103714,294,1216,256,32,True,728
RSA-2048,102.54516603890806,0.08762499783188105,2.1149590611457825,2.2025840589776635,294,1217,256,32,True,729
RSA-2048,32.04150008969009,0.06229104474186897,2.1324169356375933,2.1947079803794622,294,1218,256,32,True,730
RSA-2048,24.261832935735583,0.0641250517219305,2.1634160075336695,2.2275410592556,294,1218,256,32,True,731
RSA-2048,130.00441598705947,0.08795899339020252,2.1526250056922436,2.240583999082446,294,1216,256,32,True,732
RSA-2048,48.0447500012815,0.0724999699741602,2.1278749918565154,2.2003749618306756,294,1216,256,32,True,733
RSA-2048,87.36691705416888,0.07683294825255871,2.1531659876927733,2.229998935945332,294,1217,256,32,True,734
RSA-2048,20.627249963581562,0.06174994632601738,2.091499976813793,2.1532499231398106,294,1217,256,32,True,735
RSA-2048,235.61120801605284,0.10066700633615255,2.1407080348581076,2.24137504119426,294,1217,256,32,True,736
RSA-2048,68.32416704855859,0.09612494613975286,2.2413330152630806,2.3374579614028335,294,1217,256,32,True,737
RSA-2048,154.94437492452562,0.08249992970377207,2.1503750467672944,2.2328749764710665,294,1217,256,32,True,738
RSA-2048,64.77566703688353,0.0648329732939601,2.1660829661414027,2.230915939435363,294,1214,256,32,True,739
RSA-2048,32.92320796754211,0.10299996938556433,2.0973329665139318,2.200332935899496,294,1216,256,32,True,740
RSA-2048,73.489333037287,0.09250000584870577,2.171291969716549,2.2637919755652547,294,1218,256,32,True,741
RSA-2048,32.58524998091161,0.06466603372246027,2.1739999065175653,2.2386659402400255,294,1217,256,32,True,742
RSA-2048,130.41391700971872,0.06804207805544138,2.113291062414646,2.1813331404700875,294,1218,256,32,True,743
RSA-2048,22.137708961963654,0.0694170594215393,2.1113750990480185,2.1807921584695578,294,1216,256,32,True,744
RSA-2048,94.80816696304828,0.10012497659772635,2.141249948181212,2.2413749247789383,294,1216,256,32,True,745
RSA-2048,159.5466670114547,0.11845806147903204,2.300583990290761,2.419042051769793,294,1217,256,32,True,746
RSA-2048,52.90108302142471,0.071709044277668,2.127957995980978,2.199667040258646,294,1217,256,32,True,747
RSA-2048,78.8013330893591,0.5197920836508274,12.432083953171968,12.951876036822796,294,1216,256,32,True,748
RSA-2048,109.10670808516443,0.18279196228832006,6.843374925665557,7.0261668879538774,294,1217,256,32,True,749
RSA-2048,94.66620802413672,0.09245797991752625,2.6022499660030007,2.694707945920527,294,1217,256,32,True,750
RSA-2048,95.64329101704061,0.11833303142338991,2.26491701323539,2.38325004465878,294,1217,256,32,True,751
RSA-2048,34.6488329814747,0.09300000965595245,2.1261669462546706,2.219166955910623,294,1215,256,32,True,752
RSA-2048,44.13179203402251,0.10066700633615255,2.347790985368192,2.4484579917043447,294,1217,256,32,True,753
RSA-2048,48.57854195870459,0.09920797310769558,2.368625020608306,2.4678329937160015,294,1214,256,32,True,754
RSA-2048,43.38641697540879,0.10249996557831764,2.4646250531077385,2.567125018686056,294,1216,256,32,True,755
RSA-2048,80.5676250020042,0.097665935754776,2.2667079465463758,2.3643738823011518,294,1218,256,32,True,756
RSA-2048,115.20849994849414,0.10441592894494534,2.3955829674378037,2.499998896382749,294,1216,256,32,True,757
RSA-2048,56.609958061017096,0.08300004992634058,2.2859169403091073,2.368916990235448,294,1217,256,32,True,758
RSA-2048,53.089041961357,0.08691695984452963,2.1175419678911567,2.2044589277356863,294,1217,256,32,True,759
RSA-2048,91.14012494683266,0.09162502828985453,2.2647089790552855,2.35633400734514,294,1217,256,32,True,760
RSA-2048,73.9638750674203,0.08758297190070152,2.1437499672174454,2.231332939118147,294,1218,256,32,True,761
RSA-2048,101.03474999777973,0.09670795407146215,2.454040921293199,2.550748875364661,294,1217,256,32,True,762
RSA-2048,177.67600005026907,0.09920797310769558,2.174917026422918,2.2741249995306134,294,1217,256,32,True,763
RSA-2048,38.938916055485606,0.10391708929091692,2.1357910009101033,2.2397080902010202,294,1218,256,32,True,764
RSA-2048,38.51550002582371,0.08941697888076305,2.1315410267561674,2.2209580056369305,294,1219,256,32,True,765
RSA-2048,38.502249983139336,0.0812500948086381,2.2023330675438046,2.2835831623524427,294,1217,256,32,True,766
RSA-2048,96.54658392537385,0.09745790157467127,2.1810419857501984,2.2784998873248696,294,1218,256,32,True,767
RSA-2048,143.45887501258403,0.10920804925262928,2.168250037357211,2.2774580866098404,294,1218,256,32,True,768
RSA-2048,97.99741592723876,0.11845806147903204,2.1704579703509808,2.288916031830013,294,1218,256,32,True,769
RSA-2048,118.925916031003,0.14662498142570257,2.3855409817770123,2.532165963202715,294,1217,256,32,True,770
RSA-2048,119.41720894537866,0.0965408980846405,2.180082956328988,2.2766238544136286,294,1218,256,32,True,771
RSA-2048,160.58287490159273,0.0967920059338212,2.164624980650842,2.2614169865846634,294,1217,256,32,True,772
RSA-2048,167.06262493971735,0.09012501686811447,2.1441250573843718,2.2342500742524862,294,1219,256,32,True,773
RSA-2048,106.0598329640925,0.09504205081611872,2.3475000634789467,2.4425421142950654,294,1217,256,32,True,774
RSA-2048,22.269041975960135,0.08050003089010715,2.1325000561773777,2.213000087067485,294,1217,256,32,True,775
RSA-2048,155.82795802038163,0.09591702837496996,2.1785410353913903,2.2744580637663603,294,1217,256,32,True,776
RSA-2048,37.72833303082734,0.063000014051795,2.1426250459626317,2.2056250600144267,294,1216,256,32,True,777
RSA-2048,78.86616699397564,0.09204098023474216,2.160249976441264,2.2522909566760063,294,1216,256,32,True,778
RSA-2048,32.50566706992686,0.08720799814909697,2.1566249197348952,2.243832917883992,294,1218,256,32,True,779
RSA-2048,51.142208045348525,0.09154202416539192,2.2410000674426556,2.3325420916080475,294,1217,256,32,True,780
RSA-2048,30.949457897804677,0.0815410166978836,2.1701669320464134,2.251707948744297,294,1217,256,32,True,781
RSA-2048,100.40991706773639,0.09287497960031033,2.1282080560922623,2.2210830356925726,294,1218,256,32,True,782
RSA-2048,110.76591699384153,0.06429199129343033,2.3224999895319343,2.3867919808253646,294,1217,256,32,True,783
RSA-2048,32.731874962337315,0.08612510282546282,2.1121660247445107,2.1982911275699735,294,1217,256,32,True,784
RSA-2048,60.36945804953575,0.09987491648644209,2.1605000365525484,2.2603749530389905,294,1217,256,32,True,785
RSA-2048,58.5878340061754,0.091583002358675,2.117707976140082,2.209290978498757,294,1217,256,32,True,786
RSA-2048,84.69233301002532,0.07587496656924486,2.1241670474410057,2.2000420140102506,294,1217,256,32,True,787
RSA-2048,89.26049992442131,0.08408399298787117,2.130375010892749,2.21445900388062,294,1216,256,32,True,788
RSA-2048,92.37249998841435,0.0895840348675847,2.133500063791871,2.2230840986594558,294,1217,256,32,True,789
RSA-2048,100.88875005021691,0.12562493793666363,2.2586670238524675,2.384291961789131,294,1217,256,32,True,790
RSA-2048,90.70920792873949,0.07087504491209984,2.1539999870583415,2.2248750319704413,294,1218,256,32,True,791
RSA-2048,57.50466696918011,0.09045889601111412,2.346375025808811,2.4368339218199253,294,1218,256,32,True,792
RSA-2048,113.36966697126627,0.13708299957215786,2.183708013035357,2.320791012607515,294,1216,256,32,True,793
RSA-2048,58.437875006347895,0.0890000956133008,2.294916892424226,2.3839169880375266,294,1217,256,32,True,794
RSA-2048,44.091459014452994,0.08525000885128975,2.104584011249244,2.189834020100534,294,1218,256,32,True,795
RSA-2048,201.57304196618497,0.09541597682982683,2.1308750146999955,2.2262909915298223,294,1217,256,32,True,796
RSA-2048,85.49058297649026,0.07670896593481302,2.153499983251095,2.230208949185908,294,1218,256,32,True,797
RSA-2048,51.78129207342863,0.09187497198581696,2.1360829705372453,2.2279579425230622,294,1218,256,32,True,798
RSA-2048,133.7521249661222,0.09212503209710121,2.161125070415437,2.2532501025125384,294,1217,256,32,True,799
RSA-2048,40.81112495623529,0.0731669133529067,2.2131670266389847,2.2863339399918914,294,1218,256,32,True,800
RSA-2048,97.84366691019386,0.09295798372477293,2.202874980866909,2.295832964591682,294,1216,256,32,True,801
RSA-2048,103.39175001718104,0.09204098023474216,2.0994580117985606,2.191498992033303,294,1216,256,32,True,802
RSA-2048,43.853290961124,0.07816706784069538,2.158457995392382,2.2366250632330775,294,1218,256,32,True,803
RSA-2048,64.77866601198912,0.08979206904768944,2.163624973036349,2.2534170420840383,294,1217,256,32,True,804
RSA-2048,185.15808403026313,0.09087496437132359,2.191707957535982,2.2825829219073057,294,1217,256,32,True,805
RSA-2048,147.3303330130875,0.09208300616592169,2.1841669222339988,2.2762499283999205,294,1217,256,32,True,806
RSA-2048,40.3440420050174,0.08095894008874893,2.166207996197045,2.247166936285794,294,1218,256,32,True,807
RSA-2048,212.93416596017778,0.11216697748750448,2.2273330250754952,2.3395000025629997,294,1217,256,32,True,808
RSA-2048,138.5626250412315,0.09849993512034416,2.3732499685138464,2.4717499036341906,294,1218,256,32,True,809
RSA-2048,73.22525000199676,0.1028330298140645,2.257582964375615,2.3604159941896796,294,1216,256,32,True,810
RSA-2048,35.541667020879686,0.1009589759632945,2.2606250131502748,2.3615839891135693,294,1217,256,32,True,811
RSA-2048,66.00304204039276,0.11466699652373791,2.3627920309081674,2.4774590274319053,294,1216,256,32,True,812
RSA-2048,44.64604193344712,0.09541702456772327,2.1661249920725822,2.2615420166403055,294,1217,256,32,True,813
RSA-2048,93.48791697993875,0.09695801418274641,2.3014170583337545,2.398375072516501,294,1217,256,32,True,814
RSA-2048,167.2327920095995,0.0950000248849392,2.262583002448082,2.357583027333021,294,1217,256,32,True,815
RSA-2048,103.96450001280755,0.08887494914233685,2.1803330164402723,2.269207965582609,294,1217,256,32,True,816
RSA-2048,187.0712919626385,0.10570802260190248,2.231749938800931,2.3374579614028335,294,1218,256,32,True,817
RSA-2048,90.0413750205189,0.11441693641245365,2.1447920007631183,2.259208937175572,294,1216,256,32,True,818
RSA-2048,71.3661250192672,0.0938749872148037,2.159083029255271,2.2529580164700747,294,1217,256,32,True,819
RSA-2048,104.36312505044043,0.09812507778406143,2.1287089912220836,2.226834069006145,294,1216,256,32,True,820
RSA-2048,135.71345806121826,0.09758397936820984,2.2342499578371644,2.3318339372053742,294,1218,256,32,True,821
RSA-2048,28.46883295569569,0.08666689973324537,2.1144580096006393,2.2011249093338847,294,1216,256,32,True,822
RSA-2048,26.725291972979903,0.07895799353718758,2.121165976859629,2.2001239703968167,294,1217,256,32,True,823
RSA-2048,71.79987500421703,0.09450002107769251,2.15179193764925,2.2462919587269425,294,1214,256,32,True,824
RSA-2048,79.60333290975541,0.08637504652142525,2.136250026524067,2.222625073045492,294,1217,256,32,True,825
RSA-2048,57.28033394552767,0.06779201794415712,2.134958980605006,2.2027509985491633,294,1218,256,32,True,826
RSA-2048,145.63766599167138,0.0850829528644681,2.104584011249244,2.1896669641137123,294,1216,256,32,True,827
RSA-2048,86.63404092658311,0.10008306708186865,2.160166040994227,2.2602491080760956,294,1217,256,32,True,828
RSA-2048,145.32245800364763,0.09824999142438173,2.2120829671621323,2.310332958586514,294,1218,256,32,True,829
RSA-2048,131.16525008808821,0.08570798672735691,2.1093329414725304,2.1950409281998873,294,1217,256,32,True,830
RSA-2048,120.1580420602113,0.1157920341938734,2.154291025362909,2.2700830595567822,294,1217,256,32,True,831
RSA-2048,58.25154099147767,0.09141606278717518,2.1605839719995856,2.252000034786761,294,1216,256,32,True,832
RSA-2048,116.13466695416719,0.0826249597594142,2.1025000605732203,2.1851250203326344,294,1217,256,32,True,833
RSA-2048,27.568917023018003,0.08279201574623585,2.1524580661207438,2.2352500818669796,294,1217,256,32,True,834
RSA-2048,88.48762500565499,0.0677499920129776,2.1207089303061366,2.188458922319114,294,1216,256,32,True,835
RSA-2048,115.82791700493544,0.08587492629885674,2.1271250443533063,2.212999970652163,294,1218,256,32,True,836
RSA-2048,166.93729197140783,0.09624997619539499,2.2072079591453075,2.3034579353407025,294,1217,256,32,True,837
RSA-2048,23.516542045399547,0.07650000043213367,2.1219169721007347,2.1984169725328684,294,1218,256,32,True,838
RSA-2048,13.886458007618785,0.060999998822808266,2.0955000072717667,2.156500006094575,294,1217,256,32,True,839
RSA-2048,65.16004190780222,0.0688750296831131,2.1082080202177167,2.17708304990083,294,1217,256,32,True,840
RSA-2048,213.94574991427362,0.10508298873901367,2.15629197191447,2.261374960653484,294,1216,256,32,True,841
RSA-2048,219.67183402739465,0.1514999894425273,2.2380000445991755,2.3895000340417027,294,1218,256,32,True,842
RSA-2048,58.20575007237494,0.06991706322878599,2.1429170155897737,2.2128340788185596,294,1217,256,32,True,843
RSA-2048,32.46670798398554,0.06704195402562618,2.093540970236063,2.160582924261689,294,1218,256,32,True,844
RSA-2048,82.26195792667568,0.06408302579075098,2.1132499678060412,2.177332993596792,294,1217,256,32,True,845
RSA-2048,130.37783408071846,0.12012501247227192,2.2865000646561384,2.4066250771284103,294,1217,256,32,True,846
RSA-2048,53.47933399025351,0.08983304724097252,2.142332959920168,2.2321660071611404,294,1217,256,32,True,847
RSA-2048,24.492166936397552,0.08741696365177631,2.237125067040324,2.3245420306921005,294,1217,256,32,True,848
RSA-2048,87.78166701085865,0.1177499070763588,2.1428329637274146,2.2605828708037734,294,1219,256,32,True,849
RSA-2048,90.36799997556955,0.08762499783188105,2.2345829056575894,2.3222079034894705,294,1217,256,32,True,850
RSA-2048,90.51404194906354,0.08800008799880743,2.1384169813245535,2.226417069323361,294,1217,256,32,True,851
RSA-2048,62.4970420030877,0.10604201816022396,2.2942920913919806,2.4003341095522046,294,1218,256,32,True,852
RSA-2048,64.89445792976767,0.09099999442696571,2.1576249273493886,2.2486249217763543,294,1218,256,32,True,853
RSA-2048,108.53583295829594,0.10649999603629112,2.2268330212682486,2.3333330173045397,294,1216,256,32,True,854
RSA-2048,116.6180829750374,0.13800000306218863,2.1436659153550863,2.281665918417275,294,1218,256,32,True,855
RSA-2048,64.3055000109598,0.09087496437132359,2.1603750064969063,2.25124997086823,294,1217,256,32,True,856
RSA-2048,75.51991695072502,0.07408298552036285,2.1482909796759486,2.2223739651963115,294,1218,256,32,True,857
RSA-2048,77.75920897256583,0.07283303420990705,2.1779999369755387,2.250832971185446,294,1217,256,32,True,858
RSA-2048,100.95062502659857,0.07666600868105888,2.144582918845117,2.221248927526176,294,1217,256,32,True,859
RSA-2048,43.17933297716081,0.06904208566993475,2.1831250051036477,2.2521670907735825,294,1218,256,32,True,860
RSA-2048,119.10150002222508,0.07312500383704901,2.1328750299289823,2.2060000337660313,294,1218,256,32,True,861
RSA-2048,150.14120808336884,0.09158405009657145,2.142332959920168,2.2339170100167394,294,1218,256,32,True,862
RSA-2048,94.3942089797929,0.08141703438013792,2.1832919446751475,2.2647089790552855,294,1216,256,32,True,863
RSA-2048,82.66412501689047,0.08579192217439413,2.309042029082775,2.3948339512571692,294,1217,256,32,True,864
RSA-2048,106.36137507390231,0.08749996777623892,2.124666003510356,2.212165971286595,294,1217,256,32,True,865
RSA-2048,81.49987505748868,0.08287501987069845,2.144249971024692,2.2271249908953905,294,1218,256,32,True,866
RSA-2048,25.915457983501256,0.08254195563495159,2.2747910115867853,2.357332967221737,294,1217,256,32,True,867
RSA-2048,72.47124996501952,0.08170807268470526,2.1326669957488775,2.214375068433583,294,1218,256,32,True,868
RSA-2048,105.44895799830556,0.07070798892527819,2.1624999353662133,2.2332079242914915,294,1218,256,32,True,869
RSA-2048,45.473832986317575,0.061583006754517555,2.1109170047566295,2.172500011511147,294,1216,256,32,True,870
RSA-2048,26.710959034971893,0.06779201794415712,2.1782920230180025,2.2460840409621596,294,1216,256,32,True,871
RSA-2048,35.72849999181926,0.09666697587817907,2.2126249969005585,2.3092919727787375,294,1216,256,32,True,872
RSA-2048,186.0734160291031,0.10633294004946947,2.150750020518899,2.2570829605683684,294,1214,256,32,True,873
RSA-2048,62.932000029832125,0.09220896754413843,2.13645794428885,2.2286669118329883,294,1217,256,32,True,874
RSA-2048,45.73399992659688,0.0778749817982316,2.1061660954728723,2.184041077271104,294,1219,256,32,True,875
RSA-2048,24.399915942922235,0.06162503268569708,2.1343750413507223,2.1960000740364194,294,1217,256,32,True,876
RSA-2048,40.56245810352266,0.06387499161064625,2.105250023305416,2.1691250149160624,294,1217,256,32,True,877
RSA-2048,48.11599990352988,0.09516591671854258,2.2081249626353383,2.303290879353881,294,1218,256,32,True,878
RSA-2048,24.107999983243644,0.1344579504802823,2.26808397565037,2.4025419261306524,294,1218,256,32,True,879
RSA-2048,49.857917008921504,0.0963329803198576,2.1319580264389515,2.228291006758809,294,1219,256,32,True,880
RSA-2048,104.33733300305903,0.09966699872165918,2.26245797239244,2.362124971114099,294,1214,256,32,True,881
RSA-2048,117.40250000730157,0.09787501767277718,2.1155000431463122,2.2133750608190894,294,1219,256,32,True,882
RSA-2048,46.29995801951736,0.09516696445643902,2.15162499807775,2.2467919625341892,294,1217,256,32,True,883
RSA-2048,54.90712495520711,0.07962493691593409,2.1658340701833367,2.245459007099271,294,1217,256,32,True,884
RSA-2048,57.92729102540761,0.07599999662488699,2.134124981239438,2.210124977864325,294,1219,256,32,True,885
RSA-2048,41.83741693850607,0.07149996235966682,2.1439589327201247,2.2154588950797915,294,1218,256,32,True,886
RSA-2048,97.89133397862315,0.07858301978558302,2.130666980519891,2.209250000305474,294,1217,256,32,True,887
RSA-2048,61.779582989402115,0.09708292782306671,2.1125830244272947,2.2096659522503614,294,1217,256,32,True,888
RSA-2048,64.72608295734972,0.08299993351101875,2.095666015520692,2.1786659490317106,294,1217,256,32,True,889
RSA-2048,101.19887499604374,0.07970805745571852,2.106082974933088,2.1857910323888063,294,1217,256,32,True,890
RSA-2048,91.90475009381771,0.06666698027402163,2.1782919066026807,2.2449588868767023,294,1218,256,32,True,891
RSA-2048,116.20833294000477,0.07383397314697504,2.150624990463257,2.224458963610232,294,1216,256,32,True,892
RSA-2048,31.86058404389769,0.07612502668052912,2.128666965290904,2.204791991971433,294,1216,256,32,True,893
RSA-2048,167.2367500141263,0.09712495375424623,2.121874946169555,2.2189998999238014,294,1218,256,32,True,894
RSA-2048,120.88266701903194,0.08350005373358727,2.127791987732053,2.21129204146564,294,1217,256,32,True,895
RSA-2048,85.66891693044454,0.0725410645827651,2.12208298034966,2.194624044932425,294,1217,256,32,True,896
RSA-2048,54.26608305424452,0.06174994632601738,2.139040967449546,2.2007909137755632,294,1217,256,32,True,897
RSA-2048,32.77691698167473,0.06083305925130844,2.163416938856244,2.2242499981075525,294,1217,256,32,True,898
RSA-2048,136.5325840888545,0.10125001426786184,2.165165962651372,2.266415976919234,294,1216,256,32,True,899
RSA-2048,14.076667022891343,0.06070802919566631,2.2875830763950944,2.3482911055907607,294,1216,256,32,True,900
RSA-2048,44.62091706227511,0.10179192759096622,2.2036669543012977,2.305458881892264,294,1217,256,32,True,901
RSA-2048,181.1335840029642,0.11249992530792952,2.2384169278666377,2.3509168531745672,294,1217,256,32,True,902
RSA-2048,140.40129201021045,0.11654198169708252,2.1787909790873528,2.2953329607844353,294,1215,256,32,True,903
RSA-2048,135.6724159559235,0.08687505032867193,2.1492919186130166,2.2361669689416885,294,1217,256,32,True,904
RSA-2048,165.04279104992747,0.10616693180054426,2.3234999971464276,2.429666928946972,294,1218,256,32,True,905
RSA-2048,18.88583297841251,0.09900005534291267,2.2565830731764436,2.3555831285193563,294,1218,256,32,True,906
RSA-2048,101.52200004085898,0.09987503290176392,2.175500034354627,2.275375067256391,294,1217,256,32,True,907
RSA-2048,79.7716670203954,0.08754199370741844,2.177541027776897,2.2650830214843154,294,1218,256,32,True,908
RSA-2048,76.44441595766693,0.09908294305205345,2.3974579526111484,2.496540895663202,294,1218,256,32,True,909
RSA-2048,22.482459084130824,0.0801669666543603,2.263624919578433,2.3437918862327933,294,1218,256,32,True,910
RSA-2048,177.80437495093793,0.09608303662389517,2.1950420923531055,2.2911251289770007,294,1217,256,32,True,911
RSA-2048,72.79079197905958,0.09779201354831457,2.1311669843271375,2.228958997875452,294,1217,256,32,True,912
RSA-2048,149.09891702700406,0.08833303581923246,2.1123329643160105,2.200666000135243,294,1217,256,32,True,913
RSA-2048,59.58883301354945,0.07320800796151161,2.1633750293403864,2.236583037301898,294,1217,256,32,True,914
RSA-2048,19.72208300139755,0.07074989844113588,2.1145830396562815,2.1853329380974174,294,1217,256,32,True,915
RSA-2048,50.3964590607211,0.07220893166959286,2.1400830009952188,2.2122919326648116,294,1219,256,32,True,916
RSA-2048,34.43250001873821,0.06433308590203524,2.1223340881988406,2.186667174100876,294,1216,256,32,True,917
RSA-2048,37.45025000534952,0.07037504110485315,2.1942920284345746,2.2646670695394278,294,1218,256,32,True,918
RSA-2048,72.40945799276233,0.09679107461124659,2.2939160699024796,2.3907071445137262,294,1218,256,32,True,919
RSA-2048,83.12654192559421,0.1011659624055028,2.248333999887109,2.3494999622926116,294,1219,256,32,True,920
RSA-2048,52.53345798701048,0.087916967459023,2.2452910197898746,2.3332079872488976,294,1218,256,32,True,921
RSA-2048,96.65708406828344,0.0943340128287673,2.2257090313360095,2.320043044164777,294,1217,256,32,True,922
RSA-2048,92.11366600356996,0.09329104796051979,2.1219170885160565,2.2152081364765763,294,1217,256,32,True,923
RSA-2048,71.41962496098131,0.09445799514651299,2.275833045132458,2.370291040278971,294,1217,256,32,True,924
RSA-2048,49.647332984022796,0.09029102511703968,2.148000057786703,2.238291082903743,294,1216,256,32,True,925
RSA-2048,43.678499991074204,0.07808406371623278,2.1474589593708515,2.2255430230870843,294,1218,256,32,True,926
RSA-2048,42.09424997679889,0.09504100307822227,2.162083052098751,2.2571240551769733,294,1219,256,32,True,927
RSA-2048,150.83216701168567,0.10162510443478823,2.16283299960196,2.2644581040367484,294,1217,256,32,True,928
RSA-2048,115.55041698738933,0.09087508078664541,2.1483750315383077,2.239250112324953,294,1218,256,32,True,929
RSA-2048,60.51312503404915,0.08841603994369507,2.198665984906256,2.2870820248499513,294,1218,256,32,True,930
RSA-2048,72.98233406618237,0.09404192678630352,2.1975000854581594,2.291542012244463,294,1218,256,32,True,931
RSA-2048,84.57316691055894,0.0864159082993865,2.125917002558708,2.2123329108580947,294,1217,256,32,True,932
RSA-2048,68.10733303427696,0.06550003308802843,2.1149161038920283,2.1804161369800568,294,1218,256,32,True,933
RSA-2048,49.25654095131904,0.06374996155500412,2.1349580492824316,2.1987080108374357,294,1217,256,32,True,934
RSA-2048,144.74433299619704,0.10525004472583532,2.098499913699925,2.2037499584257603,294,1217,256,32,True,935
RSA-2048,130.1336659817025,0.08108397014439106,2.1920829312875867,2.2731669014319777,294,1217,256,32,True,936
RSA-2048,216.27591701690108,0.11916703078895807,2.169625018723309,2.288792049512267,294,1217,256,32,True,937
RSA-2048,32.14304207358509,0.07945892866700888,2.1280000219121575,2.2074589505791664,294,1216,256,32,True,938
RSA-2048,103.77041599713266,0.10445807129144669,2.1190840052440763,2.223542076535523,294,1218,256,32,True,939
RSA-2048,56.26070802100003,0.06433296948671341,2.158125047571957,2.2224580170586705,294,1216,256,32,True,940
RSA-2048,110.53025000728667,0.07995893247425556,2.2200410021468997,2.2999999346211553,294,1216,256,32,True,941
RSA-2048,149.3732500821352,0.09787501767277718,2.1333330078050494,2.2312080254778266,294,1217,256,32,True,942
RSA-2048,23.576416075229645,0.08483394049108028,2.2412079852074385,2.3260419256985188,294,1217,256,32,True,943
RSA-2048,48.20712504442781,0.09845802560448647,2.122625010088086,2.2210830356925726,294,1218,256,32,True,944
RSA-2048,37.674249964766204,0.09883299935609102,2.2079580230638385,2.3067910224199295,294,1217,256,32,True,945
RSA-2048,54.046583944000304,0.10033289436250925,2.2641250398010015,2.364457934163511,294,1219,256,32,True,946
RSA-2048,86.6683330386877,0.08941697888076305,2.107082982547581,2.1964999614283442,294,1217,256,32,True,947
RSA-2048,134.93062497582287,0.09012501686811447,2.147041028365493,2.2371660452336073,294,1218,256,32,True,948
RSA-2048,93.19041599519551,0.08295802399516106,2.13729206006974,2.220250084064901,294,1218,256,32,True,949
RSA-2048,156.60049999132752,0.12637500185519457,2.1966249914839864,2.322999993339181,294,1217,256,32,True,950
RSA-2048,44.03837502468377,0.07991609163582325,2.1637920290231705,2.2437081206589937,294,1216,256,32,True,951
RSA-2048,88.6887920787558,0.08162495214492083,2.1142500918358564,2.1958750439807773,294,1218,256,32,True,952
RSA-2048,55.558042018674314,0.07208297029137611,2.133582951501012,2.205665921792388,294,1217,256,32,True,953
RSA-2048,104.39458303153515,0.08470809552818537,2.1357079967856407,2.220416092313826,294,1218,256,32,True,954
RSA-2048,38.31737500149757,0.07041590288281441,2.13425001129508,2.2046659141778946,294,1218,256,32,True,955
RSA-2048,70.4164169728756,0.06258394569158554,2.1559579763561487,2.2185419220477343,294,1217,256,32,True,956
RSA-2048,28.35812501143664,0.06612506695091724,2.1444999147206545,2.2106249816715717,294,1217,256,32,True,957
RSA-2048,98.9948749775067,0.1374159473925829,2.1045829635113478,2.2419989109039307,294,1217,256,32,True,958
RSA-2048,155.31320904847234,0.09341596160084009,2.1823339629918337,2.275749924592674,294,1216,256,32,True,959
RSA-2048,27.437792043201625,0.06762496195733547,2.1136669674888253,2.181291929446161,294,1218,256,32,True,960
RSA-2048,50.457957899197936,0.06204191595315933,2.1382500417530537,2.200291957706213,294,1218,256,32,True,961
RSA-2048,28.56020792387426,0.11004204861819744,2.1462920121848583,2.2563340608030558,294,1217,256,32,True,962
RSA-2048,35.61666700989008,0.07029203698039055,2.141416072845459,2.2117081098258495,294,1218,256,32,True,963
RSA-2048,55.950541980564594,0.07570802699774504,2.159333904273808,2.235041931271553,294,1217,256,32,True,964
RSA-2048,116.92299996502697,0.07449998520314693,2.1434579975903034,2.2179579827934504,294,1217,256,32,True,965
RSA-2048,114.41995797213167,0.08287501987069845,2.146999933756888,2.2298749536275864,294,1215,256,32,True,966
RSA-2048,28.146207914687693,0.06150000263005495,2.158624934963882,2.220124937593937,294,1216,256,32,True,967
RSA-2048,121.13695906009525,0.06870797369629145,2.124457969330251,2.1931659430265427,294,1216,256,32,True,968
RSA-2048,67.13808397762477,0.06083399057388306,2.122625010088086,2.183459000661969,294,1217,256,32,True,969
RSA-2048,102.23354201298207,0.09691703598946333,2.1359160309657454,2.232833066955209,294,1216,256,32,True,970
RSA-2048,112.71900008432567,0.09262491948902607,2.2048749960958958,2.297499915584922,294,1214,256,32,True,971
RSA-2048,80.29179100412875,0.08008303120732307,2.1424159640446305,2.2224989952519536,294,1218,256,32,True,972
RSA-2048,80.10441600345075,0.06991706322878599,2.119624987244606,2.189542050473392,294,1217,256,32,True,973
RSA-2048,159.859791980125,0.10095804464071989,2.13179097045213,2.2327490150928497,294,1218,256,32,True,974
RSA-2048,109.17404107749462,0.08633406832814217,2.141707926057279,2.2280419943854213,294,1217,256,32,True,975
RSA-2048,229.14341604337096,0.08816597983241081,2.1303329849615693,2.21849896479398,294,1216,256,32,True,976
RSA-2048,62.70004203543067,0.06083399057388306,2.3909580195322633,2.4517920101061463,294,1219,256,32,True,977
RSA-2048,129.78720804676414,0.08224998600780964,2.3309580283239484,2.413208014331758,294,1216,256,32,True,978
RSA-2048,95.80204205121845,0.0802080612629652,2.2029589163139462,2.2831669775769114,294,1216,256,32,True,979
RSA-2048,49.928665976040065,0.09066704660654068,2.1947920322418213,2.285459078848362,294,1217,256,32,True,980
RSA-2048,71.00949995219707,0.08829194121062756,2.11537501309067,2.2036669543012977,294,1218,256,32,True,981
RSA-2048,96.33508301340044,0.08966692257672548,2.134417067281902,2.2240839898586273,294,1217,256,32,True,982
RSA-2048,40.84895900450647,0.10599999222904444,2.160749980248511,2.2667499724775553,294,1217,256,32,True,983
RSA-2048,39.53070903662592,0.08545792661607265,2.162541961297393,2.2479998879134655,294,1219,256,32,True,984
RSA-2048,103.85262500494719,0.14625000767409801,2.1396660013124347,2.2859160089865327,294,1217,256,32,True,985
RSA-2048,61.80516700260341,0.0689999433234334,2.1374160423874855,2.206415985710919,294,1218,256,32,True,986
RSA-2048,88.84787501301616,0.07141695823520422,2.123792073689401,2.1952090319246054,294,1217,256,32,True,987
RSA-2048,114.24404103308916,0.08050003089010715,2.14862497523427,2.2291250061243773,294,1217,256,32,True,988
RSA-2048,75.51812508609146,0.07691606879234314,2.1243749652057886,2.2012910339981318,294,1219,256,32,True,989
RSA-2048,57.02837510034442,0.06404099985957146,2.1647090325132012,2.2287500323727727,294,1216,256,32,True,990
RSA-2048,130.0350419478491,0.10212499182671309,2.1182079799473286,2.2203329717740417,294,1217,256,32,True,991
RSA-2048,41.10095801297575,0.09300000965595245,2.2119999630376697,2.304999972693622,294,1217,256,32,True,992
RSA-2048,17.139082890935242,0.07762503810226917,2.121583092957735,2.1992081310600042,294,1218,256,32,True,993
RSA-2048,60.3535829577595,0.06654101889580488,2.1396669326350093,2.206207951530814,294,1216,256,32,True,994
RSA-2048,135.87508292403072,0.08095800876617432,2.1375829819589853,2.2185409907251596,294,1217,256,32,True,995
RSA-2048,90.29358404222876,0.06983394268900156,2.1357920486479998,2.2056259913370013,294,1217,256,32,True,996
RSA-2048,25.719334022141993,0.07341708987951279,2.1560839377343655,2.2295010276138783,294,1217,256,32,True,997
RSA-2048,124.90391707979143,0.09079196024686098,2.174708992242813,2.265500952489674,294,1218,256,32,True,998
RSA-2048,62.2824999736622,0.0729589955881238,2.178916009142995,2.2518750047311187,294,1217,256,32,True,999
RSA-2048,27.30670804157853,0.06750004831701517,2.127166953869164,2.194667002186179,294,1216,256,32,True,1000
